mw_L	e	k1_slp1	root_iast	verb_type	classes	whitney_anchor	westergaard
9	1	aMS	aṃś	genuineroot	10P,10Ā		
87	1	aMs	aṃs	genuineroot			
107	1	aMh	aṃh	genuineroot	1Ā,10P		
114	1	aMh	aṃh	genuineroot		aMh,1	
134	1	ak	ak	genuineroot	1P		
423	1	akz	akṣ	genuineroot	1,5	akz1,1;akz2,1	
762	1	ag	ag	genuineroot	1P		
1348	1	aG	agh	genuineroot	10P		
1408	1	aNk	aṅk	genuineroot	1Ā,10P		
1491	1	aNK	aṅkh	genuineroot	10P		
1492	1	aNg	aṅg	genuineroot	1P,10P	aNg,1	
1752	1	aNG	aṅgh	genuineroot	1Ā		
1767	1	ac	ac	genuineroot	1P,1Ā	ac,1	
1927	1	aj	aj	genuineroot	1P	aj,2	
2250	1	aYc	añc	genuineroot	1P,1Ā,10P,10Ā	ac,1	
2267	1	aYj	añj	genuineroot	7P,7Ā	aYj,2	
2337	1	aw	aṭ	genuineroot	1P,1Ā	aw,2	
2358	1	aww	aṭṭ	genuineroot	1Ā,10P		
2383	1	aW	aṭh	genuineroot	1P,1Ā		
2386	1	aq	aḍ	genuineroot	1P		
2388	1	aqq	aḍḍ	genuineroot	1P		
2390	1	aR	aṇ	genuineroot	1P,4Ā		
2447	1	aRW	aṇṭh	genuineroot	1Ā	aRW,3	
2490	1	at	at	genuineroot	1P,1Ā	at,3	
3575	1	ad	ad	genuineroot	2P	ad,3	
4782	1	an	an	genuineroot	2P	an,3	
7900	1	ant	ant	genuineroot	1P		
8399	1	and	and	genuineroot	1P		
8411	1	anD	andh	genuineroot	10P		
8656	2	anyaTaya	anyathaya	root	0P		
13687	1	aBr	abhr	genuineroot	1P		
13748	1	am	am	genuineroot	0Ā	am,3	
14390	1	amb	amb	genuineroot	1P,1Ā		
14564	1	amB	ambh	genuineroot			
14662	1	ay	ay	root	0		
15571	1	ark	ark	genuineroot			
15682.1	1	arG	argh	root	1P		
15701	1	arc	arc	genuineroot	1P,1Ā	arc,4	
15739	1	arj	arj	genuineroot	1P,1Ā	fj,14	
15839	1	arT	arth	genuineroot	10Ā,1Ā		
16095	1	ard	ard	genuineroot	6P,1P,7	fd,15	
16336	1	arpaya	arpaya	root	0		
16352	1	arb	arb	genuineroot	1P		
16408	1	arv	arv	genuineroot	1P		
16483	1	arh	arh	genuineroot	1P,1Ā	arh,4	
16510	1	al	al	genuineroot	1P		
16938	1	av	av	genuineroot	1P	av,4	
19412	1	aS	aś	genuineroot	0Ā,0P	aS1,4	
19416	1	aS	aś	genuineroot		aS2,5	
20163	1	az	aṣ	genuineroot	1P,1Ā		
20353	1	as	as	genuineroot	2P,2Ā	as1,5	
20354	1	as	as	genuineroot	4P,4Ā	as2,5	
21629	1	ah	ah	genuineroot		ah,6	
21630	1	ah	ah	genuineroot	5P		
23212	1	AYC	āñch	root	0	AYC,6	
24743	1	Ap	āp	genuineroot	5P,5Ā	Ap,6	
25983	1	Ar	ār	genuineroot	4P	Ar,6	
27851	1	As	ās	genuineroot	2Ā	As,6	
28539	1	i	i	genuineroot	2P,2Ā	i1,7	
28635	1	iK	ikh	genuineroot	1P		1
28637	1	iNK	iṅkh	genuineroot	1P		1
28638	1	iNg	iṅg	genuineroot	1P,1Ā	iNg,8	1
28677	1	iw	iṭ	genuineroot	1P	iw,8	1
28830	1	in	in	root			
28841	1	inakz	inakṣ	root			
28845	1	ind	ind	genuineroot	1P		1
29258	1	inD	indh	genuineroot	7Ā	iD,8	
29294	1	inv	inv	genuineroot	6P,8P,9P,9Ā	i2,7	
29328	1	iyakz	iyakṣ	root	0P,0Ā		
29338	1	iyasya	iyasya	root	0Ā		
29342	1	ir	ir	genuineroot	6P		
29343	1	irajya	irajya	root	0P,0Ā		
29347	1	iraD	iradh	root	0Ā,0P		
29396	1	il	il	genuineroot	6P,10P	il,9	1
29439	1	iz	iṣ	genuineroot	1P,1Ā,4P,4Ā	iz1,9;iz2,9	
29516	1	iz	iṣ	genuineroot	6P,6Ā	iz1,9	
29546	2	izUya	iṣūya	genuineroot	0P		
29694	1	I	ī	root	0		
29695	1	Ikz	īkṣ	genuineroot	1Ā	Ikz,9	
29713	1	IK	īkh	genuineroot	1P		1
29714	1	INK	īṅkh	genuineroot	1P	INK,9	1
29717	1	Ij	īj	genuineroot	1P		1
29721	1	Iq	īḍ	genuineroot	2Ā,2P	Iq,9	
29747	1	Int	īnt	genuineroot	1P		1
29761	1	Ir	īr	genuineroot	2Ā,2P	Ir,9	
29784	1	Irkzy	īrkṣy	root	0		
29785	1	Irts	īrts	root	0P		
29797	1	Irzy	īrṣy	genuineroot	1P	Irzy,10	
29820	1	Il	īl	genuineroot	0P		
29827	1	IS	īś	genuineroot	2Ā	IS,11	
29921	1	Iz	īṣ	genuineroot	1Ā,1P	Iz,11	
29985	1	Ih	īh	genuineroot	1Ā,1P	Ih,11	
30001	1	u	u	genuineroot	5P,2Ā,1Ā		
30072	1	ukz	ukṣ	genuineroot	1P,1Ā	ukz1,11	
30098	1	uK	ukh	genuineroot	1P		
30208	1	uNK	uṅkh	genuineroot	1P		
30209	1	uc	uc	genuineroot	4P,4Ā	uc,12	
30535	1	uC	uch	genuineroot	1P		
30536	1	uC	uch	genuineroot	1P		
30600	1	ujJ	ujjh	genuineroot	6P	uJ,12	
30615	1	uYC	uñch	genuineroot	1,6P	uYC,12	
30626	1	uW	uṭh	genuineroot	1P		1
32059	1	ud	ud	genuineroot	7P,6P,6Ā	ud,12	1
33764	1	uDras	udhras	genuineroot	9P		
33765	1	uDras	udhras	genuineroot	10P,10Ā		
37050	1	ubj	ubj	genuineroot	6P	ubj,12	1
37051	1	uB	ubh	genuineroot	9P,6P	uB,13	1
37051.1	1A	uB	ubh	root	7		
37196	1	umB	umbh	root	0		
37403	1	urj	urj	root			
37406	1	urd	urd	root	0		
37410	1	urv	urv	root	0		
37434	1	ul	ul	root	0P		
37438	1	ulaq	ulaḍ	genuineroot	10P		1
37688	1	uz	uṣ	genuineroot	1P,9P		1
37931	1	uh	uh	genuineroot	1P		
37966	1	UW	ūṭh	root			
38000	1	Uy	ūy	genuineroot	1Ā		1
38037	1	Urj	ūrj	genuineroot	0P,0Ā		
38079	1	UrRu	ūrṇu	genuineroot	2P,2Ā		
38104	1	Urd	ūrd	genuineroot	1Ā		1
38324	1	Urv	ūrv	genuineroot	1P		1
38333	1	Uz	ūṣ	genuineroot	1P		1
38375	1	Uh	ūh	genuineroot	1P,1Ā	Uh1,13	
38392	1	Uh	ūh	genuineroot	1P,1Ā	Uh2,13	
38410	1	f	ṛ	genuineroot	1,3,5P,5Ā	f,14	
38546	2	ftIya	ṛtīya	root			
38696	1	fc	ṛc	genuineroot	6P		1
38773	1	fC	ṛch	genuineroot	6P	f,14	1
38776	1	fj	ṛj	genuineroot	1P,1Ā		1
38847	1	fYj	ṛñj	genuineroot	1Ā		1
38849	1	fYj	ṛñj	genuineroot	6P,6Ā,4P,4Ā,7Ā	fj,14	
38854	1	fR	ṛṇ	genuineroot	8P,8Ā		1
38911	1	ft	ṛt	genuineroot	0Ā	ft,15	
38930	1	fD	ṛdh	genuineroot	6,2,4,5,7P	fD,15	
38955	1	fP	ṛph	genuineroot	6P		1
39001	1	fz	ṛṣ	genuineroot	1P	fz,16	
39039	1	fz	ṛṣ	genuineroot	6P	fz,16	1
39144	1	F	ṝ	root	0		
39975	1	ej	ej	genuineroot	1P,1Ā	ej,16	1
39986	1	eW	eṭh	genuineroot	1Ā		1
40096	1	eD	edh	genuineroot	1Ā,1P	eD,16	
40241	1	ez	eṣ	genuineroot	1P,1Ā	Iz,11	1
40606	1	oK	okh	genuineroot	1P		1
40621	1	oj	oj	genuineroot	1,10P		
40663	1	oR	oṇ	genuineroot	1P		1
40721	1	olaRq	olaṇḍ	genuineroot	1,8,10P		1
40722	2	olaj	olaj	root			
40723	2	olj	olj	root			
41369	1	kaMs	kaṃs	genuineroot	2Ā		1
41405	1	kak	kak	genuineroot	1Ā		1
41500	1	kakk	kakk	root	0		
41510	1	kakK	kakkh	root	0		
41598	1	kaK	kakh	genuineroot	1P		1
41600	1	kag	kag	genuineroot	1P		1
41602	1	kaNk	kaṅk	genuineroot	1Ā		1
41710	1	kac	kac	genuineroot	1P,1Ā		1
41817	1	kaj	kaj	genuineroot	1P		1
41835	1	kaYc	kañc	genuineroot	1Ā		1
41893	1	kaw	kaṭ	genuineroot	1P		1
41894	1	kaw	kaṭ	genuineroot	1P		1
42169	1	kaww	kaṭṭ	genuineroot	10P		
42177	1	kaW	kaṭh	genuineroot	1P		1
42258	1	kaq	kaḍ	genuineroot	1P,6P		1
42287	1	kaqq	kaḍḍ	genuineroot	1P		1
42288	1	kaR	kaṇ	genuineroot	1P,10P		1
42355	1	kaRw	kaṇṭ	genuineroot	1P		
42456	1	kaRW	kaṇṭh	genuineroot	1P,1Ā,10P		1
42560	1	kaRq	kaṇḍ	genuineroot	1P,1Ā,10P		
42681	1	katT	katth	genuineroot	1Ā	katT,16	1
42690	1	katr	katr	genuineroot	10P		1
42692	1	kaT	kath	genuineroot	10P,10Ā		
42779	1	kad	kad	genuineroot	1Ā	kad,16	1
42917	1	kan	kan	genuineroot	1P,1Ā		1
43192	1	kand	kand	genuineroot	1P,1Ā		1
43323	1	kap	kap	root			1
43736	1	kab	kab	genuineroot	1Ā		1
43768	1	kam	kam	genuineroot	1Ā,1P	kam,17	1
43913	1	kamp	kamp	genuineroot	1Ā,1P	kamp,17	1
43959	1	kamb	kamb	genuineroot	1P		
44620	1	kark	kark	root			
44777	1	karj	karj	genuineroot	1P		1
44778	1	karR	karṇ	genuineroot	10P		1
45074	1	kart	kart	root	0		
45145	1	kartr	kartr	root	10P		1
45146	1	kard	kard	root	1P		1
45237	1	karb	karb	root	1P		1
45522	1	karv	karv	root	1P		1
45579	1	kal	kal	root	1Ā		1
45580	1	kal	kal	genuineroot	10P,10Ā	kal,17	
45581	1	kal	kal	genuineroot	0P,0Ā		
46383	1	kall	kall	root	1Ā		1
46409	1	kav	kav	root	1Ā,10P,10Ā		
46631	1	kaS	kaś	root	1P		1
46728	1	kaz	kaṣ	genuineroot	1P,1Ā	kaz,17	1
46861	1	kas	kas	genuineroot	1P	kas,18	1
46909	1	kA	kā	root	0	kan,17	
46911	1	kAMs	kāṃs	root	1Ā		1
47271	1	kANkz	kāṅkṣ	genuineroot	1P,1Ā	kANkz,18	1
47345	1	kAYc	kāñc	root	1Ā		1
49812	1	kAS	kāś	genuineroot	1Ā,4P,4Ā	kAS,18	1
50091	1	kAs	kās	genuineroot	1Ā,1P	kAs,19	
50170	1	ki	ki	root	3P		
50237	1	kiw	kiṭ	root	1P		
50271	1	kit	kit	root	3		
50585	1	kil	kil	root	6P,10P		1
50650	1	kizk	kiṣk	root	10Ā		1
50708	1	kIw	kīṭ	root	10P		1
50788	1	kIrt	kīrt	genuineroot	10P,10Ā		
50841	1	kIl	kīl	root	1		1
51269	1	ku	ku	root	0		
51270	1	kuMS	kuṃś	root	1,10P		1
51273	1	kuMs	kuṃs	root	0		
51275	1	kuk	kuk	root	1Ā		1
51417	1	kuc	kuc	genuineroot	1P,6P	kuc,19	1
51442	1	kuj	kuj	root	1P,6P		1
51450	1	kuYc	kuñc	genuineroot	1P	kuc,19	
51471	1	kuYj	kuñj	genuineroot	1P	kuYj,19	
51515	1	kuw	kuṭ	genuineroot	6P,4P,10Ā		1
51676	1	kuww	kuṭṭ	genuineroot	10	kuww,19	1
51746	1	kuq	kuḍ	root	6P		1
51782	1	kuR	kuṇ	root	6P,10P		1
51822	1	kuRw	kuṇṭ	root	0		
51824	1	kuRW	kuṇṭh	root	1P,10	kuRW,19	1
51842	1	kuRq	kuṇḍ	root	1P,1Ā,10		1
51978	1	kut	kut	root			
52017	1	kuts	kuts	genuineroot	10P,10Ā,1P,4P		
52041	1	kuT	kuth	genuineroot	4P	kuT,19	1
52050	1	kud	kud	root	10P		1
52143	1	kunT	kunth	root	1,9		1
52180	1	kundr	kundr	root	10P		1
52181	1	kup	kup	genuineroot	4P,4Ā	kup,20	
52197	1	kup	kup	root	10P		1
52469	1	kump	kump	root			
52471	1	kumb	kumb	root	6,10P		
52478	1	kumB	kumbh	root	0		
52645	1	kur	kur	root	6P		1
52799	1	kurd	kurd	root	0		
52809	1	kul	kul	root	1		1
53294	1	kuS	kuś	root	4P		1
53477	1	kuz	kuṣ	genuineroot	9P,6	kuz,20	
53560	1	kus	kus	root	0		
53700	1	kuh	kuh	root	10Ā		1
53778	1	kU	kū	root	2P,1Ā,6,9P,9Ā,1P	kU,20	1
53796	1	kUj	kūj	genuineroot	1P	kUj,20	
53811	1	kUw	kūṭ	root	10P,10Ā		1
53916	1	kUq	kūḍ	root	6P		1
53917	1	kUq	kūḍ	genuineroot	10P	kUq,20	
53919	1	kUR	kūṇ	genuineroot	1P,1Ā	kUR,21	1
53936	1	kUp	kūp	root	10P		1
54039	1	kUrd	kūrd	genuineroot	1P,1Ā	kUrd,21	1
54091	1	kUl	kūl	root	1P		1
54148	1	kf	kṛ	genuineroot	2P,2Ā,1P,1Ā,5P,5Ā,8P,8Ā	kf1,21	
54683	1	kf	kṛ	genuineroot	3P,3Ā	kf3,22	
54684	1	kf	kṛ	root	0		
54772	1	kfq	kṛḍ	root	0		
54777	1	kft	kṛt	genuineroot	6P,6Ā,1P	kft1,22	
54810	1	kft	kṛt	genuineroot	7P	kft2,23	1
54858	1	kfp	kṛp	genuineroot	6Ā,10P	kfp,23	1
55008	1	kfv	kṛv	root	0		1
55010	1	kfS	kṛś	genuineroot	4P	kfS,23	1
55083	1	kfz	kṛṣ	genuineroot	1P,1Ā,6P,6Ā	kfz,23	
55567	1	kF	kṝ	genuineroot	6P,6Ā	kf2,22	
55568	1	kF	kṝ	root	5,9P,9Ā		
55569	1	kF	kṝ	root	10Ā		1
55570	1	kFt	kṝt	root	0		
55571	1	kxp	kḷp	root	1Ā,1P	kxp,24	
55760	1	kep	kep	root	1Ā		1
55793	1	kel	kel	root	1P		1
55854	1	kev	kev	root	1Ā		1
56166	1	kE	kai	root	1P		1
56457	2	kowAya	koṭāya	root	0Ā		
57601	1	knaMs	knaṃs	root	1,10P		1
57602	1	knaT	knath	root	1P		1
57603	1	knas	knas	root	4P		1
57605	1	knu	knu	root	9P,9Ā		1
57606	1	knUy	knūy	root	1Ā,1P	knU,24	1
57613	1	kmar	kmar	root	1P		1
57618	1	kraMS	kraṃś	root	1P		
57647	1	krakz	krakṣ	root	0	krakz,24	
57713	1	kraT	krath	genuineroot	1P	kraT,24	1
57727	1	krad	krad	root	0		
57730	1	krand	krand	genuineroot	1P,1Ā	krand,24	
57748	1	krap	krap	root	1Ā		1
57749	1	kram	kram	genuineroot	1P,1Ā,4P,4Ā	kram,25	
58088	1	krI	krī	genuineroot	9P,9Ā	krI,25	
58135	1	krIq	krīḍ	genuineroot	1P,1Ā	krIq,25	
58218	1	kruYc	kruñc	root	1P		1
58229	1	kruq	kruḍ	root	6P,10P	krUq,26	1
58231	1	kruD	krudh	genuineroot	4P,4Ā	kruD,26	
58295	1	krunT	krunth	root	0		
58298	1	kruS	kruś	genuineroot	1P,1Ā	kruS,26	
58345	1	krUq	krūḍ	root			
58417.1	2	kroYc	kroñc	root	0P		
58538	1	klaT	klath	genuineroot	1P	klaT,26	1
58540	1	klad	klad	root			
58542	1	kland	kland	genuineroot	1P,1Ā	krand,24	1
58543.1	1	klap	klap	root	0		
58545	1	klam	klam	genuineroot	1,4	klam,26	
58562	1	klav	klav	root	1Ā	klav,27	1
58564	1	klid	klid	genuineroot	4Ā,4P	klid,27	
58598	1	klind	klind	root	1P,1Ā		1
58603	1	kliS	kliś	root	9P,4P,4Ā	kliS,27	
58650	1	klIb	klīb	root	1Ā,10Ā		1
58670	1	klIv	klīv	root	0		
58671	1	klu	klu	root	1Ā		1
58673	1	kleS	kleś	root	1Ā		1
58692	1	kvaR	kvaṇ	genuineroot	1P	kvaR,27	
58702	1	kvaT	kvath	genuineroot	1Ā	kvaT,27	
58728	1	kvel	kvel	root	0		
58729	1	kSA	kśā	root	0Ā		
58737	1	kzaj	kṣaj	root	1Ā,10P		1
58738	1	kzaR	kṣaṇ	root	0		
58898	1	kzad	kṣad	genuineroot	1Ā	kzad,27	
58916	1	kzan	kṣan	root	8P,8Ā	kzan,28	
58968	1	kzap	kṣap	genuineroot	1P,1Ā	kzap,28	
58981	1	kzap	kṣap	root	10P		
58983	1	kzap	kṣap	root	0		
59030	1	kzam	kṣam	genuineroot	1Ā,1P,2P,4P,4Ā	kzam,28	
59133	1	kzamp	kṣamp	root	1,10P		1
59141	1	kzar	kṣar	genuineroot	1P,1Ā,2P	kzar,28	
59234	1	kzal	kṣal	genuineroot	10P	kzal,28	
59256	1	kzApaya	kṣāpaya	root	0		
59266	1	kzi	kṣi	genuineroot	1P	kzi1,29	
59272	1	kzi	kṣi	genuineroot	2,6P		
59376	1	kzi	kṣi	genuineroot	1P,5P,9P,9Ā	kzi2,29	
59488	1	kziR	kṣiṇ	root	8P,8Ā		1
59502	1	kzip	kṣip	genuineroot	6P,6Ā,4P,4Ā	kzip,29	
59649	1	kziv	kṣiv	root	1,4P		1
59650	1	kzI	kṣī	root	0		1
59651	1	kzIj	kṣīj	root	1P		1
59654	1	kzIb	kṣīb	root	1P		1
59840	1	kzIv	kṣīv	root	0		
59841	1	kzu	kṣu	genuineroot	2P	kzu,30	
59877	1	kzud	kṣud	genuineroot	1P,1Ā,7P,7Ā	kzud,30	
60072	1	kzuD	kṣudh	genuineroot	4P	kzuD,30	
60118	1	kzup	kṣup	genuineroot	6P	kzup,30	
60128	1	kzuB	kṣubh	genuineroot	1Ā,4P,4Ā,5P,9P,9Ā	kzuB,30	
60155	1	kzump	kṣump	root	1P		
60157	1	kzur	kṣur	root	6P		1
60468	1	kzev	kṣev	root	0		
60470	1	kzE	kṣai	genuineroot	1P	kzA,29	1
60516	1	kzow	kṣoṭ	root	10P		1
60596	1	kzRu	kṣṇu	genuineroot	2P	kzRu,31	1
60625	1	kzmAy	kṣmāy	root	1Ā,1P		
60629	1	kzmIl	kṣmīl	root	1P		1
60633	1	kzviq	kṣviḍ	root	1P	kzviq,31	
60652	1	kzviq	kṣviḍ	root	1Ā,4P		1
60655	1	kzvid	kṣvid	root	0		
60659	1	kzvel	kṣvel	genuineroot	1P	kzvel,31	1
60850	1	KakK	khakkh	root	0		1
60863	1	Kac	khac	genuineroot	1P,9P,10P	Kac,31	1
60867	1	Kaj	khaj	root	1P		1
60884	1	KaYj	khañj	genuineroot	1P	KaYj,31	
60912	1	Kaw	khaṭ	root	1P		
60942	1	KawaKawAya	khaṭakhaṭāya	root	0Ā		
60947	1	Kaww	khaṭṭ	root	10P		1
60982	1	Kaq	khaḍ	root	10P		1
61069	1	KaRaKaRAya	khaṇakhaṇāya	root	0Ā		
61072	1	KaRq	khaṇḍ	genuineroot	1Ā,10P		1
61228	1	Kad	khad	root	6P	Kad,31	1
61265	1	Kan	khan	genuineroot	1P,1Ā	Kan,32	
61339	1	Kamb	khamb	root	1P		1
61509	1	Karj	kharj	genuineroot	1P	Karj,32	1
61544	1	Kard	khard	root	1P		1
61559	1	Karb	kharb	root	1P		1
61565	1	Karv	kharv	root	1P		1
61581	1	Kal	khal	root	1P		1
61640	1	KalaKalAya	khalakhalāya	root	0Ā		
61663	1	Kall	khall	genuineroot	1Ā	Kall,32	
61690	1	Kav	khav	root	9P		1
61698	1	Kaz	khaṣ	root	1P		1
61789	1	KAd	khād	genuineroot	1P,1Ā	KAd,32	
61901	1	Kiw	khiṭ	root	1P		1
61905	1	Kid	khid	genuineroot	6,7Ā,4Ā,4P	Kid,32	
61963	1	Ku	khu	root	1Ā		1
61966	1	Kuj	khuj	root	1		
61968	1	Kuq	khuḍ	root			
61976	1	KuRq	khuṇḍ	root	1Ā,10P		1
61977	1	Kud	khud	genuineroot	6P	Kud,33	
61981	1	Kur	khur	root	6P		1
62011	1	Kurd	khurd	root	1Ā		1
62018	1	KUrd	khūrd	root	0		
62022	1	Kew	kheṭ	root	10		1
62044	1	Keq	kheḍ	root	0		
62053	1	Kel	khel	root	1P	Kel,33	
62075	1	Kev	khev	root	0		1
62077	1	KE	khai	genuineroot	1P		1
62084	1	Kow	khoṭ	root	1P,10P		1
62089	1	Koq	khoḍ	root	1P,10P		1
62093	1	Kor	khor	root	1P		1
62098	1	Kol	khol	root	0		1
62110	1	KyA	khyā	root	2P,2Ā	KyA,33	1
62214	1	gagG	gaggh	root	0		1
62299	1	gaNgUya	gaṅgūya	root	0P		
62305	1	gaj	gaj	root	1P,10P		1
62459	1	gaYj	gañj	root	1P		
62478	1	gaq	gaḍ	root	1P,10P		1
62523	1	gaR	gaṇ	genuineroot	10P,10Ā		
62749	1	gaRq	gaṇḍ	root	1P		1
62868	1	gad	gad	genuineroot	1P,10P	gad,33	1
62957	1	gaD	gadh	root	4	gaD,34	
62967	1	ganD	gandh	root	10Ā		1
63409	1	gam	gam	genuineroot	1P,2P,3P,1Ā	gam,34	
63674	1	gamb	gamb	root	1P		
63862	1	garj	garj	genuineroot	1P	garj,34	
63914	1	gard	gard	genuineroot	1P,10	gard,35	
63962	1	garb	garb	root	1P		1
64168	1	garv	garv	root	1P,10Ā		
64179	1	garh	garh	genuineroot	1,10P,10Ā	garh,35	
64198	1	gal	gal	genuineroot	1P,1Ā	gal,35	1
64241	1	gal	gal	root	1P		1
64303	1	galB	galbh	root	1Ā	galB,35	1
64317	1	galh	galh	root	0		
64327	3	gavez	gaveṣ	root	1Ā,10		
64460	1	gah	gah	root	10P		
64493	1	gA	gā	genuineroot	3P,3Ā,2P,2Ā	gA1,35	1
64759	1	gAD	gādh	root	1Ā		1
65006	1	gAloqaya	gāloḍaya	root	0P,0Ā		
65024	1	gAh	gāh	genuineroot	1Ā,1P	gAh,36	
65339	1	gu	gu	root	1Ā		
65341	1	gu	gu	genuineroot	1Ā,1P	gu,36	1
65342	1	gu	gu	root	6P		1
65390	1	guj	guj	root	1,6P		1
65392	1	guYj	guñj	genuineroot	1P	guYj,36	
65422	1	guq	guḍ	root	6P		1
65822	1	guRW	guṇṭh	root	10P	guRW,37	1
65827	1	guRq	guṇḍ	root	10		1
65859	1	gud	gud	root	1Ā		1
65883	1	guD	gudh	genuineroot	4P,9P,1Ā		1
65888	1	gundr	gundr	root	0		
65898	1	gup	gup	root	4P,4Ā		1
65899	1	gup	gup	root	0Ā,0P	gup,37	
65959	1	guP	guph	root	6	guP,37	1
65966	1	gumP	gumph	genuineroot	6P	guP,37	
65978	1	gur	gur	root	6,4	gur,37	1
66184	1	gurd	gurd	root	1,10		1
66185	1	gurv	gurv	root	1P		1
66258	1	guh	guh	genuineroot	1P,1Ā	guh,38	
66386	1	gU	gū	root	0		
66396	1	gUr	gūr	root	0		
66402	1	gUrd	gūrd	root	1P	gUrd,38	
66407	1	gUrD	gūrdh	genuineroot	10P	gUrD,38	
66412	1	gf	gṛ	root	1P		1
66413	1	gfj	gṛj	root	1		
66434	1	gfD	gṛdh	genuineroot	4P,4Ā	gfD,39	1
66808	1	gF	gṝ	genuineroot	9P,9Ā	gf1,38	
66809	1	gF	gṝ	genuineroot	6P,6Ā	gf2,38	
66810	1	gF	gṝ	root	10Ā		1
66817	1	gep	gep	root	1Ā		1
66820	1	gev	gev	root	1Ā		1
66821	1	gez	geṣ	root	1Ā		1
66852	1	gE	gai	genuineroot	1P,1Ā,2,3P	gA2,35	1
67683	3	gozwa	goṣṭa	root			
68425	1	gDa	gdha	root	0Ā		
68437	1	graT	grath	genuineroot	9P,1P,1Ā	graT,39	
68541	1	graT	grath	root	1Ā		1
68545	1	graB	grabh	root			
68546	1	gras	gras	genuineroot	1P,1Ā	gras,40	1
68591	1	grah	grah	genuineroot	9P,9Ā	graB,40	
69112	1	gruc	gruc	root	1P		1
69136	2	glap	glap	root	0		
69143	1	glas	glas	root	1Ā		1
69145	1	glah	glah	genuineroot	1Ā,1P	glah,41	1
69159	1	gluc	gluc	root	1P		
69163	1	gluYc	gluñc	root	1P		1
69165	1	glep	glep	root	1Ā		
69168	1	glev	glev	root	1Ā		
69169	1	glez	gleṣ	root	1Ā		
69170	1	glE	glai	genuineroot	1P,1Ā,2P,2Ā	glA,41	
69215	1	GaMz	ghaṃṣ	root	1Ā		1
69216	1	GaMs	ghaṃs	root	0		
69217	1	GagG	ghaggh	root	1P		
69218	1	GaG	ghagh	root	1P		
69219	1	Gaw	ghaṭ	genuineroot	1Ā,1P	Gaw,41	1
69346	1	Gaww	ghaṭṭ	genuineroot	1Ā,10P	Gaww,41	
69362	1	GaR	ghaṇ	root	8P,8Ā		
69363	1	GaRw	ghaṇṭ	root	1,10P		1
69591	1	Gamb	ghamb	root	1Ā		1
69592	1	Gar	ghar	root	10P		
69628	1	Garb	gharb	root	1P		1
69692	1	Gas	ghas	genuineroot	1	Gas,42	1
69778	1	GiRR	ghiṇṇ	root	1Ā		1
69779	1	Gu	ghu	root	1Ā		
69785	1	Guw	ghuṭ	root	6P,1Ā	Guw,42	1
69796	1	Guq	ghuḍ	root	6P		1
69797	1	GuR	ghuṇ	root	6P,1Ā		
69812	1	GuRR	ghuṇṇ	root	1Ā		1
69819	1	Gur	ghur	root	6P,6Ā		
69841	1	Guz	ghuṣ	genuineroot	1P,1Ā	Guz,42	
69916	1	Guz	ghuṣ	root	1P		
69924	1	GUr	ghūr	root	4Ā		
69925	1	GUrR	ghūrṇ	genuineroot	1P,1Ā	GUrR,42	
69935	1	Gf	ghṛ	genuineroot	3P,1,10P	Gf,43	1
70066	1	Gf	ghṛ	root	3P,5,8P,8Ā		1
70070	1	GfR	ghṛṇ	root	0		
70104	1	GfRR	ghṛṇṇ	root	1Ā		1
70114	1	Gfz	ghṛṣ	genuineroot	1P,1Ā	Gfz,43	
70217	1	Gol	ghol	root	10P		
70246	1	GrA	ghrā	genuineroot	1,3P,3Ā,2P	GrA,43	
70280	1	Nu	ṅu	root	1Ā		1
70295	1	cak	cak	root	1P,1Ā	cak,43	1
70306	1	cakAs	cakās	root	2P,1Ā	cakAs,43	
70322	1	cakk	cakk	root	10P		1
70640	1	cakz	cakṣ	root	2Ā,2P	cakz,44	
70734	1	caG	cagh	root	5		1
70764	1	caYc	cañc	genuineroot	1P	caYc,44	
70830	1	caw	caṭ	genuineroot	1P	caw,44	1
70856	1	cawacawa	caṭacaṭa	root	0P		
70859	2	cawacawAya	caṭacaṭāya	root			
70883	1	caR	caṇ	root	1P		1
70904	1	caRq	caṇḍ	root	1,10Ā		1
71064	1	cat	cat	root	1P,1Ā	cat,44	1
71509	1	cad	cad	root	1		1
71514	1	can	can	root	1		1
71515	1	can	can	genuineroot		can,44	
71529	1	cand	cand	root	1	Scand,177	1
71989	2	candrikAya	candrikāya	root	0Ā		
71998	1	cap	cap	root	1,10		1
72049	1	cam	cam	root	1,5	cam,44	1
72122	1	camp	camp	root	10		1
72168	1	camb	camb	root	1		
72171	1	cay	cay	root	1		1
72173	1	car	car	genuineroot	1Ā,1P	car,45	1
72400	1	carG	cargh	root	1		
72401	1	carc	carc	genuineroot	1,10Ā	carc,45	1
72442	1	carb	carb	root	1		1
72562	1	carv	carv	genuineroot	10,1	carv,45	1
72587	1	cal	cal	genuineroot	1Ā	cal,45	1
72689	1	caz	caṣ	root	1P,1Ā		1
72700	1	cah	cah	root	1,10		
73035	1	cAy	cāy	root	1Ā	cAy,46	
73297	1	ci	ci	genuineroot	5Ā,5P	ci1,46	1
73362	1	ci	ci	genuineroot	3Ā,5Ā	ci1,46;ci2,46	1
73366	1	ci	ci	root	1		
73413	1	cikk	cikk	root	10P		
73469	1	ciw	ciṭ	root	1P		1
73474	1	cit	cit	genuineroot	1,2Ā,3Ā,3P	cit,47	1
74105	1	cint	cint	root	10,1	cint,47	1
74204	2	cimicimAya	cimicimāya	root			
74340	1	ciri	ciri	root	5		1
74354	1	cil	cil	root	6		1
74368	1	cill	cill	root	1		
74413	1	cIk	cīk	root	1,10		
74453	1	cIB	cībh	root	0		
74454	1	cIy	cīy	root	0		
74506	1	cIv	cīv	root	1,10		1
74519	1	cukk	cukk	root	10		
74547	1	cucy	cucy	root	0		
74558	1	cuw	cuṭ	root	6,10,1		
74559	1	cuww	cuṭṭ	root	10		
74560	1	cuq	cuḍ	root	6		
74561	1	cuqq	cuḍḍ	root	1		
74562	1	cuR	cuṇ	root	6		
74567	1	cuRW	cuṇṭh	root	10		
74571	1	cut	cut	root	0		1
74573	1	cud	cud	root	1Ā	cud,48	
74611	1	cund	cund	root			
74614	1	cup	cup	root	1	cup,48	
74616	1	cup	cup	root	6		
74626	1	cumb	cumb	root	10		
74627	1	cumb	cumb	genuineroot	1Ā	cumb,48	1
74646	1	cur	cur	root	10,1	cur,48	
74681	1	cul	cul	root	10		1
74694	1	culump	culump	root	1	culump,48	
74699	1	cull	cull	root	0		1
74789	1	cUR	cūṇ	root	10		1
74798	1	cUr	cūr	root	4,10		1
74801	1	cUrR	cūrṇ	genuineroot	10		
74874	1	cUz	cūṣ	genuineroot	1	cUz,48	1
74888	1	cft	cṛt	root	6,1,10	cft,48	1
74889	1	cfp	cṛp	root	1,10		
74944	1	cel	cel	root	1		1
74969	1	cell	cell	root	0		
74971	1	cezw	ceṣṭ	root	1	cezw,49	
75257	1	cyu	cyu	root	10		1
75258	1	cyu	cyu	root	1P,1Ā	cyu,49	
75341	1	cyut	cyut	root	1	cyut,49	
75346	1	cyus	cyus	root	10		1
75390	1	Cad	chad	genuineroot	1,10Ā		1
75556	1	Cad	chad	genuineroot	10,1Ā	Cand,50	
75683	1	Cad	chad	root	1		
75687	1	Cand	chand	root			
75688	1	Cand	chand	root			
75694	1	Cam	cham	root	1		
75700	1	Camp	champ	root	10		
75712	1	Cal	chal	genuineroot	10P		
75749	1	Caz	chaṣ	root	1P,1Ā		
75907	1	Cid	chid	genuineroot	7,9Ā	Cid,50	
76066	1	Cuw	chuṭ	root	6,10		
76073	1	Cuq	chuḍ	root	6		
76078	1	Cup	chup	root	6		1
76084	1	Cur	chur	root	6	Cur,51	1
76102	1	Cfd	chṛd	genuineroot	7P,7Ā,1Ā	Cfd,51	1
76123	1	Cfp	chṛp	root	1,10		
76143	1	Co	cho	root	4	CA,50	
76153	1	Cyu	chyu	root	1Ā		1
76176	1	jaMs	jaṃs	root	1,10		1
76177	1	jaMh	jaṃh	root	0		
76186	1	jakz	jakṣ	root	0	jakz2,51	
76187	1	jakz	jakṣ	genuineroot	2Ā	jakz1,51	
76462	1	jaNkz	jaṅkṣ	root	1P		
76500	1	jaj	jaj	root	1P		1
76514	1	jaYj	jañj	root	1P	jaYj,51	1
76518	1	jaw	jaṭ	root	1P		1
76735	1	jan	jan	genuineroot	1,10Ā,10P,3Ā,10,4,2Ā,1Ā	jan,52	1
77153	1	jap	jap	genuineroot	1Ā	jap,52	
77183	1	jaB	jabh	root	1	jamB,53	1
77248	1	jaB	jabh	root	1Ā		1
77252	1	jam	jam	root	1	jam,52	1
77741	1	jarc	jarc	root	1		1
77742	1	jarC	jarch	root	1		
77743	1	jarj	jarj	root	1		
77746	1	jarJ	jarjh	root	1		
77754	1	jarts	jarts	root	1		1
77760	1	jal	jal	root	1,10		1
78292	1	jalp	jalp	root	1Ā	jalp,53	
78360	1	jaz	jaṣ	root	1P,1Ā		
78362	1	jas	jas	root	1Ā,1P,4P	jas,53	1
78427	1	jAgf	jāgṛ	genuineroot	2,1Ā	gf3,39	
79180	1	ji	ji	genuineroot	1Ā,9Ā	ji1,53	
79399	1	jinv	jinv	genuineroot	1P,1Ā	ji2,54	
79401	1	jim	jim	root	1		
79408	1	jiri	jiri	root	5P		1
79415	1	jiz	jiṣ	root	1		
79622	1	jIv	jīv	genuineroot	1Ā	jIv,54	
79968	1	ju	ju	root	0		
79988	1	juNg	juṅg	root	1		1
79993	1	juYc	juñc	root	1,10P		
79994	1	juw	juṭ	root	6		
79997	1	juq	juḍ	root	6,10		1
79999	1	jut	jut	root	1		1
80000	1	jun	jun	root	6		
80005	1	jur	jur	genuineroot	4,6P,6Ā	jf1,55	1
80015	1	jul	jul	root	10		
80017	1	juz	juṣ	genuineroot	6Ā,6P,3P,1P,1Ā	juz,54	1
80068	1	jU	jū	root	1Ā,9P,1P	jU,55	1
80097	1	jUr	jūr	root	4Ā		
80098	1	jUr	jūr	root	4Ā		
80115	1	jUrv	jūrv	root	1P	jUrv,55	
80116	1	jUz	jūṣ	root	1P		
80119	1	jf	jṛ	root	1P	jf1,55	
80120	1	jf	jṛ	genuineroot	1Ā		
80122	1	jfmB	jṛmbh	root	1Ā,1P	jfmB,56	
80153	1	jF	jṝ	genuineroot	1P,4P,4Ā,1Ā,9,10Ā		1
80154	1	jF	jṝ	root	1Ā	jf2,55	
80184	1	jez	jeṣ	root	1Ā		
80186	1	jeh	jeh	root	1Ā	jeh,56	
80188	1	jE	jai	root	1		1
80318	1	jYA	jñā	genuineroot	9P,9Ā,3Ā,3P	jYA1,56	
80523	1	jyA	jyā	genuineroot	9P,4Ā	jyA,56	1
80661	1	jyu	jyu	root	1Ā		
80662	1	jyut	jyut	root	1Ā,1P	jyut,57	1
80838	1	jyo	jyo	root	1Ā		1
80851	1	jri	jri	root	1P	jri,57	1
80856	1	jri	jri	root	1,9,10		
80857	1	jvar	jvar	genuineroot	1	jvar,57	
80890	1	jval	jval	genuineroot	1P,1Ā	jval,57	
80979	1	Jaw	jhaṭ	root	1	Jaw,57	1
80982	1	JaR	jhaṇ	root	1	JaR,58	
80998	1	Jam	jham	root	1P		
81017	1	Jarc	jharc	root	1		1
81017.1	1	JarC	jharch	root	1		
81017.2	1	JarJ	jharjh	root	1		
81059	1	Jaz	jhaṣ	root	1Ā		1
81139	1	Ju	jhu	root	1Ā		
81146	1	JUz	jhūṣ	root	1P		
81147	1	JF	jhṝ	root	4,9		
81151	1	Jyu	jhyu	root	1Ā		
81181	1	waNk	ṭaṅk	root	10	waNk,58	
81222	1	wal	ṭal	root	1P	wal,58	1
81238	1	wik	ṭik	root	1Ā		
81258	1	wip	ṭip	root	10P		
81264	1	wIk	ṭīk	root	1Ā,1P	wIk,58	
81299	1	wOk	ṭauk	root	1Ā		
81301	1	wval	ṭval	root	1P		1
81339	1	qap	ḍap	root	10Ā		1
81340	1	qam	ḍam	root	1P	qam,58	
81347	1	qamp	ḍamp	root	10Ā		
81348	1	qamb	ḍamb	root	10	qamb,58	1
81357	1	qamB	ḍambh	root	10Ā		
81417	1	qip	ḍip	root	10Ā,4,6,10P		1
81418	1	qim	ḍim	root			
81421	1	qimp	ḍimp	root			
81421.1	1	qimb	ḍimb	root			
81428	1	qimB	ḍimbh	root	0		
81442	1	qI	ḍī	genuineroot	1,4Ā	qI,58	
81478	1	qval	ḍval	root			
81504	1	QuRQ	ḍhuṇḍh	root			
81523	1	QOk	ḍhauk	genuineroot	1Ā	QOk,59	
81566	1	taMs	taṃs	root	1P,1Ā,10	taMs,59	1
81570	1	tak	tak	root	2,1	tak,59	1
81602	1	takz	takṣ	genuineroot	1P,1Ā,2,5Ā	takz,59	1
81649	1	taNk	taṅk	root	1P		
81651	1	taNg	taṅg	root	1P		1
81659	1	taYc	tañc	root	1		
81660	1	taYc	tañc	root	7	taYc,60	
81661	3	taYj	tañj	root	0		
81663	1	taw	taṭ	root	1P	taw,60	1
81685	1	taq	taḍ	genuineroot	10	taq,60	1
81720	1	taRq	taṇḍ	root	1Ā		1
82219	1	tan	tan	root	1,10		
82220	1	tan	tan	genuineroot	4	tan2,61	
82226	1	tan	tan	genuineroot	8P,8Ā	tan1,60	
82581	1	tand	tand	root	1Ā	tand,61	
82582	2	tandr	tandr	root	1P		
82606	1	tap	tap	root	4Ā		1
82608	1	tap	tap	genuineroot	1Ā,4,4Ā,4P	tap,61	
82867	1	tam	tam	genuineroot	4Ā	tam,61	1
83014	1	tamb	tamb	root	1		
83018	1	tay	tay	root	1		1
83185	2	taruz	taruṣ	root			
83341	1	tark	tark	genuineroot	10	tark,61	
83427	1	tarj	tarj	genuineroot	1Ā	tarj,62	
83448	1	tard	tard	root	1P		1
83479	1	tarb	tarb	root	1P		
83502	1	tal	tal	root	1,10		1
83653	1	tas	tas	root	4		1
84221	1	tAy	tāy	root	1	tAy,62	1
84740	1	tik	tik	root	1,5		1
84747	1	tig	tig	root	5		
84749	1	tiG	tigh	root	5		1
84753	1	tij	tij	genuineroot	1P	tij,62	1
84971	1	tip	tip	root	1P		1
84973	1	tim	tim	root	4P	tim,62	
85213	1	til	til	root	1		
85214	1	til	til	root	6,10		
85350	1	till	till	root	1P		1
85391	1	tIk	tīk	root	1Ā		1
85527	1	tIm	tīm	root	4		
85649	1	tIv	tīv	root	1		
85700	2	tIvraya	tīvraya	root			
85705	1	tu	tu	root	2	tu,63	
85813	1	tuj	tuj	genuineroot	6Ā,6P,1	tuj,63	1
85823	1	tuw	tuṭ	root	6		
85827	1	tuq	tuḍ	root	1,6		
85830	1	tuqq	tuḍḍ	root	1P		
85831	1	tuR	tuṇ	root	6P		
85833	1	tuRq	tuṇḍ	root	1Ā		
85879	1	tud	tud	genuineroot	6P	tud,63	
85892	1	tund	tund	root	1		1
85921	1	tup	tup	root	1,6		
85921.1	1	tuP	tuph	root	1,6		
85936	1	tuB	tubh	root	1,4,9		
85943	1	tump	tump	root	1,6		1
85943.1	1	tumP	tumph	root	1,6		
85944	1	tumb	tumb	root	1,10		
85972	1	tur	tur	root	6Ā,4Ā,3		
86098	1	turv	turv	root	1P	turv,64	
86105	1	tul	tul	genuineroot	10Ā	tul,64	
86263	1	tuS	tuś	root	1	tuS,64	
86264	1	tuS	tuś	root	1		
86265	1	tuz	tuṣ	genuineroot	4	tuz,64	
86323	1	tus	tus	root	1		
86325	1	tuh	tuh	root	1		
86357	1	tUq	tūḍ	root	1		1
86358	1	tUR	tūṇ	root	10		
86445	1	tUl	tūl	root	1,10		
86494	1	tUz	tūṣ	root	1		
86525	1	tfkz	tṛkṣ	root	1		
86537	1	tfR	tṛṇ	root	8		
86720	1	tfd	tṛd	root	7Ā	tfd,65	
86723	1	tfp	tṛp	genuineroot	4,5,6Ā,6P,1Ā	tfp,65	
86765	1	tfP	tṛph	root	6		
86769	1	tfmp	tṛmp	root	6		
86772	1	tfmP	tṛmph	root	6		
86774	1	tfz	tṛṣ	genuineroot	4Ā	tfz,66	
86816	1	tfh	tṛh	root	7,6	tfh,66	
86817	1	tF	tṝ	genuineroot	1P,1Ā,5,3,6P,6Ā	tf,64	
86820	1	tej	tej	root	0		1
86949	1	tep	tep	root	1		1
86954	1	tev	tev	root	1		
87142	1	toq	toḍ	root	1		
87337	1	tyaj	tyaj	genuineroot	1P,1Ā	tyaj,66	
87411	1	traMs	traṃs	root	1,10		1
87412	1	traK	trakh	root	1		
87413	1	traNk	traṅk	root	1		
87413.1	1	traNK	traṅkh	root	1		
87413.2	1	traNg	traṅg	root	1		
87421	1	trand	trand	root	1		
87422	1	trap	trap	root	1	trap,67	
87509	1	tras	tras	root	10P		
87510	1	tras	tras	genuineroot	1,4Ā	tras,67	
88598	1	triNK	triṅkh	root	1P		
88608	1	truw	truṭ	root	6,4Ā	truw,67	1
88626	1	trup	trup	root	1		
88627	1	truP	truph	root	0		
88628	1	trump	trump	root	0		
88629	1	trumP	trumph	root	0		
88647	1	trE	trai	root	1Ā	trA,67	
88806	1	trOk	trauk	root	1Ā		1
88987	1	tvakz	tvakṣ	root	1	tvakz,68	
88990	1	tvaNg	tvaṅg	root	1	tvaNg,68	
88991	1	tvac	tvac	root	6	tvac,68	
89085	1	tvaYc	tvañc	root	1,7		
89087	1	tvar	tvar	root	1	tvar,68	
89141	1	tviz	tviṣ	root	1Ā,1P	tviz,68	
89175	1	tsar	tsar	root	1	tsar,68	
89201	1	Tarv	tharv	root	1P		
89203	1	Tuq	thuḍ	root	6		
89208	1	Turv	thurv	root	1P	Turv,69	1
89230	1	daMS	daṃś	root	1,10P,1P,10Ā		1
89231	1	daMS	daṃś	root	1,6Ā	daMS,69	
89295	1	daMs	daṃs	root	1,10	daMs,69	
89296	1	daMs	daṃs	root	10,1P,10Ā		
89310	1	daMh	daṃh	root	10		
89316	1	dakz	dakṣ	genuineroot	1P,1Ā	dakz,69	1
89565	1	daG	dagh	root	5,4	daG,69	1
89568	1	daNG	daṅgh	root	1		
89874	2	dad	dad	root	1	dA1,71	
89899	1	daD	dadh	root	1		1
90012.1	1	dan	dan	root			
90226	1	danv	danv	root	1P		1
90227	1	daB	dabh	root	1,5Ā	daB,70	1
90246	1	dam	dam	genuineroot	4P,9Ā	dam,70	
90315	1	damadamAya	damadamāya	root	0P,0Ā		
90318	1	damB	dambh	root	0		
90342	1	day	day	root	1Ā	day,70	
90700	1	dal	dal	genuineroot	1	dal,70	
91129	1	das	das	root	1,4Ā	das,71	
91164	1	dah	dah	genuineroot	1P,1Ā	dah,71	
91212	1	dA	dā	genuineroot	3Ā,1Ā	dA1,71;dA2,71	
91425	1	dA	dā	genuineroot	4P	dA3,71	
91610	1	dAn	dān	root	1P,1Ā,10P,10Ā		1
91644	1	dAy	dāy	root	1Ā		1
91851	1	dAS	dāś	genuineroot	1P,1Ā,2,5P	dAS,73	1
91919	1	dAs	dās	root	1P,1Ā,5P		1
92215	1	dinv	dinv	root	1P		
92216	1	dip	dip	root	1Ā		
92218	1	dimp	dimp	root	10Ā		
92219	1	dimB	dimbh	root	10Ā,10P		
92228	1	div	div	root	1P,10P,10Ā	dIv2,75	1
92229	1	div	div	genuineroot	4	dIv1,75;dIv1,75	
92472	1	diS	diś	genuineroot	3P,6	diS,73	
92642	1	dih	dih	genuineroot	2P,2Ā	dih,73	1
92645	1	dI	dī	root	4P,4Ā	dI1,74	
92646	1	dI	dī	root	3P,3Ā	dI2,74	
92658	1	dI	dī	root	4Ā		1
92691	1	dIkz	dīkṣ	root	1Ā	dIkz,74	1
92748	1	dIDI	dīdhī	root	2Ā,2P		1
92760	1	dIDI	dīdhī	root	2Ā	DI,82	
92769	1	dIp	dīp	genuineroot	4Ā	dIp,74	
93281	1	du	du	root	1P		1
93282	1	du	du	root	5P,4Ā	du,75	1
93568	1	duD	dudh	root	1P	duD,75	
94721	1	durv	durv	root	1P		1
94723	1	dul	dul	root	10P	dul,75	
94725	1	dulayate	dulayate	root			
94747	1	duz	duṣ	genuineroot	4P	duz,76	
94847	1	duh	duh	root	1P		
94848	1	duh	duh	genuineroot	2P,2Ā,6P,6Ā,4Ā	duh,76	
95065	1	df	dṛ	root	6Ā	df2,77	1
95068	1	dfMh	dṛṃh	genuineroot	1P,1Ā,4P,4Ā	dfh,78	1
95245	1	dfp	dṛp	root	6P		1
95246	1	dfp	dṛp	genuineroot	4P	dfp,77	1
95254	1	dfB	dṛbh	root	1,10P		1
95255	1	dfB	dṛbh	root	6P	dfB,77	1
95260	1	dfmp	dṛmp	root	0		
95263	1	dfS	dṛś	genuineroot	0P,0Ā	dfS,78	
95496	1	dF	dṝ	genuineroot	9P,2P,2Ā	df1,76	1
95497	1	de	de	root	1Ā		1
95516	1	dev	dev	root	0		
96723	1	dE	dai	root	1P	dA4,72	1
96951	1	do	do	root	2,4P,4Ā		
97279	1	dyu	dyu	root	2P	dyu,79	1
97391	1	dyut	dyut	genuineroot	1Ā,1P	dyut,79	
97514	1	dyE	dyai	root	1P		1
97543	1	dram	dram	root	1P	dram,79	1
97755	1	drA	drā	genuineroot	2P,2Ā	drA1,79	
97774	1	drAK	drākh	root	1P		1
97775	1	drAG	drāgh	root	1Ā		1
97785	1	drANkz	drāṅkṣ	root	1P		1
97787	1	drAq	drāḍ	root	1Ā	drAq,80	1
97837	1	drAh	drāh	root	1Ā		1
97845	1	dru	dru	root	5P		1
97846	1	dru	dru	genuineroot	1P,1Ā	dru,80	1
97945	1	druq	druḍ	root	1,6P		1
97946	1	druR	druṇ	root	6P		1
97950	1	drumm	drumm	root	1P		
97951	1	druh	druh	genuineroot	4P,4Ā	druh,80	
97987	1	drU	drū	root	9P,5P	drU,80	1
97991	1	drUq	drūḍ	root	1		
97994	1	drek	drek	root	1Ā		1
98000	1	drE	drai	root	1P,1Ā,2P	drA2,79	1
98962	1	dviz	dviṣ	genuineroot	2P,2Ā	dviz,81	
99044	1	dvf	dvṛ	root	1P		1
99238	1	Dakk	dhakk	root	10P		1
99252	1	DaR	dhaṇ	root	1P		1
99256	1	Dan	dhan	root	1P		
99257	1	Dan	dhan	genuineroot	3P	Dan,81	1
99639	1	Danv	dhanv	genuineroot	1P,1Ā	Danv,81	
99700	1	Dam	dham	genuineroot	1P,1Ā	Dam,81	
100554	1	Dav	dhav	genuineroot	1Ā	Dav,81	
100607	1	DA	dhā	genuineroot	3P,3Ā,1P,1Ā,2P,4Ā,4P	DA1,82	
101159	1	DAv	dhāv	genuineroot	1P,1Ā	DAv1,82	
101170	1	DAv	dhāv	genuineroot	1P,1Ā	DAv2,82	
101184	1	Di	dhi	genuineroot	6P		1
101191	1	Di	dhi	root	5P	Di,82	
101206	1	Dikz	dhikṣ	root	1Ā		1
101212	1	Diz	dhiṣ	genuineroot	3P		1
101254	1	DI	dhī	genuineroot	3Ā		
101318	1	DI	dhī	root	4Ā		1
101320	1	DIkz	dhīkṣ	root	1Ā		
101328.1	1	DIr	dhīr	root			
101371	1	Du	dhu	root	0		
101393	1	Dukz	dhukṣ	root	1Ā	Dukz,83	1
101477	1	Durv	dhurv	root	0		
101481	1	DU	dhū	genuineroot	5P,5Ā,6P,9P,9Ā,1P,2Ā	DU,84	1
101732	1	DUp	dhūp	root	0		1
101737	1	DUr	dhūr	root	4Ā		1
101761	1	DUrv	dhūrv	root	1P	DUrv,84	1
101799	1	DUS	dhūś	root	10P		1
101815	1	Df	dhṛ	genuineroot	1P,1Ā	Df,84	1
101932	1	Dfj	dhṛj	root	1P		1
101933	1	Dfz	dhṛṣ	genuineroot	5P,1P	Dfz,85	1
102002	1	DF	dhṝ	root	9P		1
102003	1	De	dhe	genuineroot	1P	DA2,82	
102087	1	Dor	dhor	root	1P		1
102155	1	DmA	dhmā	root	0		
102170	1	DmANkz	dhmāṅkṣ	root	0		
102185	1	DyE	dhyai	genuineroot	1P,2	DyA,85	
102255	1	Draj	dhraj	root	1P,1Ā	Draj,86	1
102265	1	DraR	dhraṇ	root	1P		1
102266	1	Dras	dhras	root	9,10P		
102267	1	DrA	dhrā	root	2,1P		
102270	1	DrAK	dhrākh	root	0		1
102271	1	DrAG	dhrāgh	root	0		1
102272	1	DrANkz	dhrāṅkṣ	root	0		
102273	1	DrAq	dhrāḍ	root	0		
102278	1	Drij	dhrij	root	1P		1
102279	1	Dru	dhru	root	6P,1P		1
102285	1	Druv	dhruv	root	0		1
102394	1	Drek	dhrek	root	1Ā		1
102395	1	DrE	dhrai	root	1P,2		1
102398	1	DvaMs	dhvaṃs	genuineroot	1P,1Ā	DvaMs,86	1
102415	1	Dvaj	dhvaj	root	1P		1
102495	1	DvaR	dhvaṇ	root	1P		1
102497	1	Dvan	dhvan	genuineroot	1P	Dvan,86	
102567	1	DvANkz	dhvāṅkṣ	root	1P		1
102614	1	Dvf	dhvṛ	genuineroot	1P,1Ā	Dvf,86	1
102616	1	DvraR	dhvraṇ	root	1P		1
102767	1	nakk	nakk	root	10P		1
102824	1	nakz	nakṣ	genuineroot	1P,1Ā	nakz,87	
102937	1	naK	nakh	root	4,1P		1
103126	1	naj	naj	root	6Ā		1
103176	1	naw	naṭ	genuineroot	1P	naw,87	1
103226	1	naq	naḍ	root	10P		1
103308	1	nad	nad	genuineroot	1P	nad,87	1
103420	1	nand	nand	genuineroot	1P	nand,87	1
103699	1	naB	nabh	genuineroot	1Ā,1P,4,9P,9Ā	naB,88	1
103825	1	nam	nam	genuineroot	1P,1Ā	nam,88	1
103916	1	namb	namb	root	1P		1
103919	1	nay	nay	root	1Ā		1
104307	1	nard	nard	genuineroot	1P	nard,88	1
104321	1	narb	narb	root	1P		1
104379	1	nal	nal	root	1P,10P		1
104757	1	naS	naś	genuineroot	1P,1Ā	naS2,89	
104760	1	naS	naś	genuineroot	4P,1P	naS1,89	1
104828	1	nas	nas	root	1Ā	nas,89	1
104854	1	nah	nah	genuineroot	4P,4Ā	nah,89	1
105448	1	nAT	nāth	genuineroot	1Ā	nAT,89	1
105471	2	nATAya	nāthāya	root			
105503	1	nAD	nādh	root	1Ā	nAT,89	1
106223	1	nAs	nās	root	1Ā		1
106315	1	niMs	niṃs	root	2Ā	niMs,90	1
107972	1	nikz	nikṣ	root	1P	nikz,90	1
108251	1	nij	nij	genuineroot	2Ā,3P,3Ā	nij,90	1
108277	1	niYj	niñj	root	2Ā		
108451	1	nid	nid	root	0		
108659	1	nind	nind	genuineroot	1P	nind,90	
108677	1	ninv	ninv	root	1		1
110161	1	nil	nil	root	6P		1
110163	1	nilay	nilay	root			
110458	1	niS	niś	root	1P		1
110652	1	niz	niṣ	root	1P		1
110789	1	nizk	niṣk	root	10Ā		1
111189	1	nI	nī	genuineroot	1P,1Ā	nI,90	
111425	1	nIl	nīl	root	1P		1
111741	1	nIv	nīv	root	1P		
111761	1	nu	nu	root	1Ā	nu2,91	
111762	1	nu	nu	genuineroot	2,6P,6Ā	nu1,91	
111771	1	nuq	nuḍ	root	6P		
111772	1	nud	nud	genuineroot	6P,6Ā	nud,91	1
112031	1	nft	nṛt	genuineroot	4P	nft,92	1
112062	1	nF	nṝ	root	9P		1
112174	1	ned	ned	root	1P	ned,92	1
112283	1	nez	neṣ	root	1Ā		1
113051	1	paMS	paṃś	root	1,10P		1
113060	1	pakz	pakṣ	root	1,10P		1
113411	1	pac	pac	root	1P,1Ā		1
113414	1	pac	pac	genuineroot	1P,1Ā,4Ā	pac,92	1
113507	1	paj	paj	genuineroot	0Ā	paj,93	
114263	1	paw	paṭ	genuineroot	1P,10	paw,93	1
114524	1	paW	paṭh	genuineroot	1P	paW,93	1
114550	1	paR	paṇ	genuineroot	1Ā	paR,93	1
114650	1	paRq	paṇḍ	root	1Ā,10P,1		1
114697	1	pat	pat	root	4Ā	pat2,94	1
114698	1	pat	pat	genuineroot	1P,1Ā	pat1,94	1
115104	1	paT	path	root	1P	paT,94	1
115169	1	pad	pad	root	1P		1
115170	1	pad	pad	genuineroot	4Ā	pad,94	1
115833	1	pan	pan	genuineroot	1Ā	pan,94	
115861	1	panT	panth	root	1,10P		1
115889	1	pamb	pamb	root	1P		1
115890	1	pay	pay	root	1Ā		1
119471	1	parR	parṇ	root	10P		
119581	1	pard	pard	root	1Ā	pard,95	1
119586	1	parp	parp	root	1P		1
119609	1	parb	parb	root	1P		1
119923	1	parv	parv	root	1P		1
120089	1	parz	parṣ	root	1Ā		1
120103	1	pal	pal	root	1P		1
120272	1	pall	pall	root	1		1
120348	1	pav	pav	root	1Ā		1
120516	1	paS	paś	genuineroot	0P,0Ā	paS1,95	
120526	1	paS	paś	root	10P	paS2,95	1
120776	1	paz	paṣ	root	1P,1Ā,10P		1
120780	1	pas	pas	root	1P,1Ā,10P		1
120795	1	pA	pā	genuineroot	1P,1Ā,2Ā,2P	pA1,95	1
120935	1	pA	pā	genuineroot	2P,2Ā	pA2,96	
120944.1	1	pA	pā	root	3Ā		
121399	4	pAWAntaraya	pāṭhāntaraya	root	0P		
122352	1	pAy	pāy	genuineroot	1Ā	pAy,96	
122473	2	pAraya	pāraya	root	0		
123134	1	pAl	pāl	root	10P,10Ā		1
123448	1	pi	pi	root	6P		1
123451	1	piMs	piṃs	root	1,10		1
123498	1	picc	picc	root	10P		1
123508	1	piC	pich	genuineroot	10P,6P		1
123559	1	piYj	piñj	genuineroot	2Ā,10P		1
123727	1	piw	piṭ	root	1P		1
123744	1	piW	piṭh	root	1P		1
123762	1	piRq	piṇḍ	root	1Ā,10P		1
124251	1	piTaya	pithaya	root			
124299	1	pinv	pinv	root	1P,1Ā	pinv,97	1
124399	1	pibd	pibd	root	0Ā	pibd,97	
124409	1	pil	pil	root	10P		1
124422	1	piS	piś	genuineroot	6P,6Ā	piS,97	1
124541	1	piz	piṣ	genuineroot	7P,7Ā	piz,97	1
124600	1	pis	pis	root	4P,1,10	pis,98	1
124605	1	pI	pī	root	4Ā		1
124606	1	pI	pī	genuineroot	1Ā,2Ā,3P,3Ā	pi,96;pi,96	
124649	1	pIq	pīḍ	genuineroot	10P	pIq,98	1
124968	1	pIy	pīy	genuineroot	1P	pIy,98	
124980	1	pIl	pīl	root	1		1
125013	1	puMs	puṃs	root	10		1
125170	1	puC	puch	root	1P		1
125192	1	puw	puṭ	genuineroot	6P,1P,10P	puw,98	1
125246	1	puww	puṭṭ	root	10P		1
125247	1	puq	puḍ	root	6P,1P		1
125248	1	puR	puṇ	root	6P,10P		1
125253	1	puRw	puṇṭ	root	10P		1
125254	1	puRq	puṇḍ	root	1P		1
125645	1	puT	puth	genuineroot	4P,4Ā	puT,98	1
125854	1	punT	punth	root	1P		1
125867	1	pur	pur	root	6P		1
126641	1	purv	purv	root	1P,10		1
126643	1	pul	pul	root	1,6,10P		1
126759	1	puz	puṣ	root	4P		1
126760	1	puz	puṣ	genuineroot	1P,4P,9P	puz,98	1
127294	1	pus	pus	root	10P		
127295	1	pust	pust	root	10P		1
127307	1	pU	pū	genuineroot	9P,9Ā,1Ā,1P	pU,99	1
127377	1	pUj	pūj	genuineroot	10P,10Ā,1P	pUj,99	1
127430	1	pUR	pūṇ	root	10P		1
127469	1	pUy	pūy	genuineroot	1P,1Ā	pUy,99	1
128270	1	pUl	pūl	root	1,10P		1
128278	1	pUz	pūṣ	root	1P		1
128300	1	pf	pṛ	genuineroot	3P,9P	pf2,100	1
128301	1	pf	pṛ	root	5P,6Ā	pf3,100	1
128314	1	pfc	pṛc	genuineroot	7P,7Ā,2,1P,3P,3Ā	pfc,101	1
128327	1	pfj	pṛj	root	2Ā		1
128328	1	pfq	pṛḍ	root	6P		1
128329	1	pfR	pṛṇ	root	6P		
128362	1	pfT	pṛth	root	10P		1
128755	1	pfz	pṛṣ	root	1P,1Ā		1
128909	1	pF	pṝ	genuineroot	9P,6P,3P,3Ā	pf1,100	1
128942	1	peR	peṇ	root	1P		1
128964	1	peb	peb	root	1Ā		1
128979	1	pel	pel	root	1,10P		1
128992	1	pev	pev	root	1Ā		1
129040	1	pez	peṣ	root	1Ā		1
129064	1	pes	pes	root	1P		1
129069	1	pE	pai	root	1P		1
129115	1	pER	paiṇ	root	1P		1
129236	1	poYC	poñch	root	1Ā		
129739	1	pyAy	pyāy	root	0		
129741	1	pyuz	pyuṣ	root	4,10P		1
129742	1	pyus	pyus	root	4P		1
129743	1	pyE	pyai	genuineroot	1Ā	pyA,101	1
130824	1	praC	prach	genuineroot	6P,6Ā	praC,102	1
134465	1	praT	prath	genuineroot	1Ā,1P	praT,102	1
134504	1	praT	prath	root	10P		1
137729	1	pras	pras	root	1Ā		1
138761	1	prA	prā	genuineroot	2P,2Ā	prA,102	1
140436	1	prI	prī	genuineroot	9P,9Ā,4Ā,4P	prI,102	1
140856	1	pru	pru	genuineroot	1Ā	pru,103	1
140858	1	pruT	pruth	genuineroot	1P,1Ā	pruT,103	
140871	1	pruz	pruṣ	genuineroot	5P,5Ā,10P,10Ā,9P,4P	pruz,103	1
140876	3	pruzwAyate	pruṣṭāyate	root			
140881	1	pruz	pruṣ	root	1P		1
141084	1	prez	preṣ	root	1Ā		1
141136	1	prER	praiṇ	root	1P		
141243	1	proT	proth	root	1P,1Ā		1
141399	1	plakz	plakṣ	root	1P,1Ā		1
141439	1	plab	plab	root	1Ā		1
141451	1	plih	plih	root	1Ā		1
141466	1	plI	plī	root	9P		
141468	1	plu	plu	genuineroot	1Ā,1P	plu,103	1
141564	1	pluz	pluṣ	genuineroot	1,4P,9P	pluz,104	1
141577	1	plus	plus	root	4P		1
141579	1	plev	plev	root	1Ā		1
141584	1	psA	psā	genuineroot	2P	psA,104	1
141600	1	Pakk	phakk	root	1P	Pakk,104	1
141623	1	PaR	phaṇ	genuineroot	1P	PaR,104	1
141702	1	Par	phar	root	0	Par,104	
141716	1	Parv	pharv	root	1P		
141719	1	Pal	phal	root	1P,1Ā	Pal1,105;Pal2,105	1
142145	1	PalP	phalph	root	0		
142220	1	Pull	phull	root	1P		1
142283	1	Pel	phel	root	1P		1
142296	1	baMh	baṃh	root	1Ā	baMh,105	1
142418	1	bad	bad	root	1P		1
142478	1	baD	badh	root	0		
142512	1	banD	bandh	genuineroot	9P,9Ā,1P,1Ā,4P,4Ā	banD,105	1
142890	1	bamb	bamb	root	1P		1
142916	1	barb	barb	root	1P		1
142966	1	barh	barh	root	1Ā,10P		1
143060	1	bal	bal	root	0	bal,106	
143061	1	bal	bal	root	1P,1Ā,10P,10Ā		1
144233	1	bAq	bāḍ	root	1Ā		1
144318	1	bAD	bādh	genuineroot	1Ā,1P	bAD,106	1
144887	1	bAh	bāh	root	0		
145106	1	biw	biṭ	root	1P		1
145109	1	biq	biḍ	root			1
145129	1	bid	bid	root	1P		1
145263	1	bil	bil	root	6,10P		1
145348	1	biS	biś	root	1P		1
145353	1	bis	bis	root	4		1
145517	1	bIB	bībh	root	1Ā		1
145542	1	bukk	bukk	root	1,10P		1
145554	1	buNg	buṅg	root	1P		1
145555	1	buw	buṭ	root	1,10P		1
145556	1	buq	buḍ	root	6P		1
145558	1	bud	bud	root	1P,1Ā		1
145569	1	buD	budh	genuineroot	1P,1Ā,4Ā,4P	buD,106	1
145971	1	bund	bund	root	1P,1Ā		1
145974	1	bunD	bundh	root	10P		1
145995	1	bul	bul	root	10P	bul,107	1
146004	1	bus	bus	root	4P		1
146014	1	bust	bust	root	10P		
146034	1	bfh	bṛh	genuineroot	6P	vfh,165	1
146037	1	bfh	bṛh	genuineroot	1P	bfh1,107	1
146435	1	bfh	bṛh	root	1P,1Ā,10P	vfMh,163	1
146438	1	bF	bṝ	root	0		
146448	1	beS	beś	root	1P		1
146528	1	byus	byus	root	0		
146529	1	braR	braṇ	root	0		
146545	1	brahm	brahm	root	1P		
147488.1	1	bruq	bruḍ	root	0		
147488.2	1	brUs	brūs	root	0		
147490	1	brU	brū	genuineroot	2P,2Ā	brU,107	1
147534	1	Bakz	bhakṣ	genuineroot	10P,10Ā,1P,1Ā	Bakz,107	1
147598	1	Baj	bhaj	genuineroot	1P,1Ā	Baj,108	1
147928	1	BaYj	bhañj	genuineroot	7P,7Ā	BaYj,108	1
148084.1	1	BaYj	bhañj	root	10P		
148086	1	Baw	bhaṭ	root	1P,10P	Baw,108	1
148185	1	BaR	bhaṇ	genuineroot	1P	BaR,108	1
148195	1	BaRw	bhaṇṭ	root	10P		1
148198	1	BaRq	bhaṇḍ	root	1Ā,1,10P		1
148250	1	Ban	bhan	root	1P	Ban,109	
148252	1	Band	bhand	genuineroot	1Ā	Band,109	1
148908	1	Barts	bharts	genuineroot	10Ā,10P,1	Barts,109	1
148914	1	Barb	bharb	root	1P		1
148918	1	Barv	bharv	root	1P	Barv,109	1
148923	1	Bal	bhal	root	1Ā,10Ā	Bal,109	1
148933	1	Ball	bhall	root	1Ā		1
149277	1	Baz	bhaṣ	genuineroot	1P,1Ā	Baz,109	1
149289	1	Bas	bhas	genuineroot	3P	Bas,109	1
149418	1	BA	bhā	genuineroot	2P	BA,110	1
149869	1	BAm	bhām	root	1Ā,10P	BAm,110	1
150479	1	BAz	bhāṣ	genuineroot	1Ā,1P	BAz,110	1
150552	1	BAs	bhās	genuineroot	1Ā,1P	BAs,110	1
150663	1	Bikz	bhikṣ	genuineroot	1Ā,1P	Bikz,111	1
150727	1	Bid	bhid	genuineroot	7P,7Ā,1P	Bid,111	1
150903	1	Bind	bhind	root			
150910	1	Bil	bhil	root	0		
150928	1	Bizaj	bhiṣaj	root	0	Bizaj,111	
150969	1	BI	bhī	genuineroot	3P,3Ā,1Ā,10P,10Ā	BI,111	1
151217	1	Buj	bhuj	genuineroot	6P	Buj1,112	1
151348	1	Buj	bhuj	genuineroot	7P,7Ā,6P,6Ā	Buj2,112	1
151408	2	BuYjApaya	bhuñjāpaya	root	0		
151430	1	BuRq	bhuṇḍ	root	1Ā		1
151434	1	Bur	bhur	genuineroot	0P,0Ā	Bur,113	
151447	1	Buraj	bhuraj	root	0Ā	Buraj,113	
151456	1	BU	bhū	genuineroot	1P,1Ā	BU,113	1
152466	1	BUz	bhūṣ	genuineroot	1P,1Ā	BUz,113	1
152494	1	Bf	bhṛ	genuineroot	1P,1Ā,3P,3Ā,2P,2Ā	Bf,114	1
152547	1	BfMS	bhṛṃś	root	1,10P		1
152549	1	Bfkz	bhṛkṣ	root	1P,1Ā		1
152710	1	Bfj	bhṛj	root	1Ā		1
152719	1	Bfq	bhṛḍ	root	6P		1
152731	1	BfS	bhṛś	root	4P,6P		1
152764	1	BF	bhṝ	root	9P		1
152928	1	Bez	bheṣ	root	1P,1Ā		1
153446	1	Byas	bhyas	root	1Ā	Byas,115	1
153448	1	BraMS	bhraṃś	genuineroot	1Ā,1P,4P,4Ā	BraMS,115	1
153483	1	BraMs	bhraṃs	root	0		
153485	1	Brakz	bhrakṣ	root	0		
153489	1	Brajj	bhrajj	genuineroot	6P,6Ā	Bfjj,114	1
153522	1	BraR	bhraṇ	root	1P		1
153524	1	Bram	bhram	genuineroot	1P,4P	Bram,115	1
153673	1	BraS	bhraś	root	0		
153678	1	BrAj	bhrāj	genuineroot	1Ā,1P	BrAj,115	1
153761	1	BrAS	bhrāś	root	1,4Ā		1
153766	1	BrI	bhrī	genuineroot	9P	BrI,116	1
153768	1	Bruq	bhruḍ	root	6P		1
153837	1	BrUR	bhrūṇ	root	10Ā		1
153855	1	Brej	bhrej	root	1Ā		1
153856	1	Brez	bhreṣ	genuineroot	1P,1Ā	Brez,116	1
153862	1	Blakz	bhlakṣ	root	1P,1Ā		1
153863	1	BlAS	bhlāś	root	1,4Ā		1
153864	1	BlAs	bhlās	root			1
153865	1	Blez	bhleṣ	root	0		1
153892	1	maMh	maṃh	genuineroot	1Ā,10	maMh,116	1
153911	1	makamakAya	makamakāya	genuineroot	0Ā		
154009	1	makk	makk	root	1Ā		1
154014	1	makz	makṣ	root	1P		1
154031	1	maK	makh	root	1P		1
154117	1	maNk	maṅk	root	1Ā		1
154130	1	maNK	maṅkh	root	1P		1
154139	1	maNg	maṅg	root	1Ā		1
154336	1	maNG	maṅgh	root	1P,1Ā		1
154337	1	mac	mac	root	1Ā		1
154344	1	maj	maj	root	0		
154347	1	majj	majj	genuineroot	6P	majj,116	1
154395	1	maYc	mañc	root	1Ā	maYc,117	1
154426	1	maYj	mañj	root	10P		
154549	1	mawamawAya	maṭamaṭāya	root			
154558	1	maW	maṭh	root	1P		1
154588	1	maR	maṇ	root	1P	maR,117	1
154846	1	maRw	maṇṭ	root	10P	maRw,117	
154850	1	maRW	maṇṭh	root	1Ā		1
154854	1	maRq	maṇḍ	genuineroot	1P,1Ā	maRq,117	1
155187	1	maT	math	genuineroot	1,9P,9Ā	maT,117	1
155288	1	mad	mad	genuineroot	4P,1P,1Ā,3P,3Ā	mad,118	1
156342	2	maDvasya	madhvasya	root	0P		
156626	1	man	man	genuineroot	8,4Ā	man,118	1
157539	1	mantr	mantr	root	10Ā,10P		1
157544	1	manT	manth	root	0		
157643	1	mand	mand	genuineroot	1Ā,1P	mad,118	1
157684	1	mand	mand	genuineroot			
157964	1	maBr	mabhr	root	1P		1
157977	1	mamb	mamb	root	1P		1
157984	1	may	may	root	1Ā		1
158406	1	mark	mark	root			
158461	1	marc	marc	root	10P		1
158462	1	marj	marj	root	1,6P		
158518	1	marb	marb	root	1P		1
158616	1	marv	marv	root	1P		1
158634	1	mal	mal	root	1Ā,10P		1
158858	1	mall	mall	root	1Ā		1
159000	1	mav	mav	root	1P		1
159003	1	mavy	mavy	root	1P		1
159004	1	maS	maś	root	1P		1
159030	1	maz	maṣ	root	1P		1
159058	1	mazk	maṣk	root			
159060	1	mas	mas	root	4P		1
159140	1	mask	mask	root	1Ā		1
159151	1	mah	mah	genuineroot	1,10P,10Ā	maMh,116	1
161693	1	mA	mā	genuineroot	3P,3Ā	mA3,119	1
161697	1	mA	mā	genuineroot	2P,3Ā,4Ā	mA1,119;mA2,119	1
162008	1	mANkz	māṅkṣ	root	1P		1
162069	1	mAq	māḍ	root	1P,1Ā		1
162718	1	mAn	mān	root	1,10P		1
163014	1	mAnT	mānth	root	1P		1
163056	2	mApaya	māpaya	root	0		
163363	1	mArg	mārg	genuineroot	1,10P,10Ā	mArg,120	1
163473	1	mArj	mārj	root	10P		1
163970	1	mAh	māh	root	1P,1Ā		1
164084	1	mi	mi	genuineroot	5P,5Ā		1
164093	1	mi	mi	root	0		
164094	1	mikz	mikṣ	root	0,0Ā	mikz,120	
164101	1	miC	mich	root	6P		1
164102	1	miYj	miñj	root	10P		1
164311	1	miT	mith	genuineroot	1P,1Ā	miT,120	1
164437	1	mid	mid	root	1P,1Ā		1
164438	1	mid	mid	genuineroot	1Ā,4P,10P	med,127	1
164441	1	miD	midh	root	1P,1Ā		1
164446	1	minv	minv	root	0		1
164465	1	mil	mil	genuineroot	6P,6Ā	mil,121	1
164482	1	miS	miś	root	1P		1
164487	1	miSr	miśr	root	10P		1
164547	1	miz	miṣ	genuineroot	6P	miz,121	1
164551	1	miz	miṣ	root	1P		1
164568	1	mis	mis	root	4P		
164575	1	misr	misr	root	0		
164576	1	mih	mih	genuineroot	1P,1Ā	mih,121	1
164607	1	mI	mī	genuineroot	9P,9Ā	mI,121	1
164610	1	mI	mī	root	1,10P		1
164661	1	mIm	mīm	root	1P		1
164715	1	mIl	mīl	genuineroot	1P,1Ā	mIl,122	1
164724	1	mIv	mīv	genuineroot	1P	mIv,122	
164726	1	mIv	mīv	root	1P		1
165081	1	muc	muc	root	1Ā		1
165082	1	muc	muc	genuineroot	6P,6Ā	muc,122	1
165300	1	muC	much	root	1P		1
165301	1	muj	muj	root	1P,10P		1
165302	1	muYc	muñc	root	1P,1Ā		1
165355	1	muw	muṭ	root	1,6,10P	muw,123	1
165358	1	muq	muḍ	root	1P		1
165359	1	muR	muṇ	root	6P		1
165360	1	muRw	muṇṭ	root	1P		1
165361	1	muRW	muṇṭh	root	1Ā		1
165362	1	muRq	muṇḍ	root	1P,1Ā		1
165449	1	mud	mud	root	10P		1
165450	1	mud	mud	genuineroot	1Ā,1P	mud,123	1
165697	1	mur	mur	root	6P		1
165763	1	murC	murch	genuineroot	1P	mUrC,124	1
165852	1	murv	murv	root	1P		1
165853	1	mul	mul	root	0		1
165858	1	muz	muṣ	root	1P		
165859	1	muz	muṣ	genuineroot	9,1P,6P	muz,123	1
165966	1	mus	mus	root	4P		1
165997	1	must	must	root	10P		1
166006	1	muh	muh	genuineroot	4P,4Ā	muh,123	1
166164	1	mU	mū	root	1Ā		1
166323	1	mUl	mūl	root	1P,1Ā		1
166549	1	mUz	mūṣ	root	1P		1
166607	1	mf	mṛ	genuineroot	6Ā,6P,1P,1Ā	mf1,124	1
166787	1	mfkz	mṛkṣ	root	0		
166791	1	mfg	mṛg	genuineroot	4P,10Ā,10P		
167114	1	mfc	mṛc	root	10P,4P	mfc,125	
167120	1	mfC	mṛch	root	6Ā	mfC,125	
167121	1	mfj	mṛj	genuineroot	2P,2Ā,6P,6Ā,1P,1Ā,10	mfj,125	
167161	1	mfq	mṛḍ	genuineroot	6P,6Ā,9P,10	mfq,125	1
167184	1	mfR	mṛṇ	root	6P	mf2,124	1
167219	1	mfd	mṛd	genuineroot	9P,1P,1Ā	mfd,126	
167410	1	mfD	mṛdh	genuineroot	1P,1Ā,6P,6Ā	mfD,126	1
167423	1	mfS	mṛś	genuineroot	6P,6Ā	mfS,126	1
167430	1	mfz	mṛṣ	genuineroot	4P,4Ā,1P,1Ā,10	mfz,126	1
167454	1	mfz	mṛṣ	root	1P,1Ā		1
167459	1	mF	mṝ	root	9P	mf2,124	1
167462	1	me	me	root	1Ā,1P		1
167749	1	mew	meṭ	root	1P		1
167756	1	meq	meḍ	root	1P		1
167781	1	meT	meth	root	0		
167792	1	med	med	root	0		
167870	1	meD	medh	root	0		
167980	1	mep	mep	root	1P		1
167981	1	meb	meb	root	0		
168064	1	mev	mev	root	1Ā		1
168176	2	mEtrAya	maitrāya	root	0P		
168318	1	mokz	mokṣ	genuineroot	1Ā,10P,10Ā		1
168870	1	mnA	mnā	genuineroot	1P	mnA,127	1
168872	1	myakz	myakṣ	genuineroot	1P	myakz,127	
168873	1	mrakz	mrakṣ	genuineroot	1P,10	mfkz,124	1
168881	1	mrad	mrad	genuineroot	1Ā		
168890	1	mrit	mrit	root	4P	mrit,127	
168891	1	mruc	mruc	genuineroot	1P		1
168894	1	mruYc	mruñc	root	1P		1
168895	1	mrew	mreṭ	root	0		
168896	1	mreq	mreḍ	root	1P	mreq,128	1
168898	1	mlakz	mlakṣ	root	10P		1
168901	1	mluc	mluc	genuineroot	1P	mruc,128	1
168903	1	mluYc	mluñc	root	1P		1
168904	1	mlup	mlup	root			
168905	1	mleC	mlech	genuineroot	1P,10P	mleC,128	1
168936	1	mlew	mleṭ	root	1P		1
168937	1	mlev	mlev	root	1Ā		1
168938	1	mlE	mlai	genuineroot	1P	mlA,128	1
169014	1	yakz	yakṣ	root	1P,1Ā,10Ā	yakz,128	1
169114	1	yaj	yaj	genuineroot	1P,1Ā	yaj,129	1
169552	1	yat	yat	genuineroot	1Ā,1P,10Ā,10P	yat,129	1
170247	1	yantr	yantr	root	10P,1P		1
170253	1	yaB	yabh	genuineroot	1P,1Ā	yaB,129	1
170258	1	yam	yam	genuineroot	1P,1Ā	yam,130	1
171002	1	yas	yas	genuineroot	4P	yas,130	1
171018	1	yA	yā	genuineroot	2P	yA,131	1
171236	1	yAc	yāc	genuineroot	1P,1Ā	yAc,131	1
171383	1	yAd	yād	root	0Ā	yAd,131	
171682	1	yu	yu	genuineroot	3P,3Ā	yu2,132	
171694	1	yu	yu	genuineroot	2P,2Ā,6,9	yu1,131	1
171727	1	yuNg	yuṅg	root	1P		1
171730	1	yuC	yuch	root	1P		1
171731	1	yuj	yuj	genuineroot	7P,7Ā	yuj,132	1
172009	1	yut	yut	root	1Ā		1
172012	1	yuD	yudh	genuineroot	4Ā,4P,1P	yuD,133	1
172138	1	yunT	yunth	root			
172139	1	yup	yup	genuineroot	4P	yup,133	1
172309	1	yUz	yūṣ	root	1P		1
172319	1	yez	yeṣ	root	1P,1Ā	yas,130	1
172935	1	yOw	yauṭ	root	1P		1
172935.1	1	yOq	yauḍ	root			
173028	1	raMh	raṃh	genuineroot	1P,1Ā,10P	raMh,133	1
173043	1	rak	rak	root	10P		1
173050	1	rakz	rakṣ	genuineroot	1P,1Ā	rakz,134	1
173179	1	raK	rakh	root	1P		1
173180	1	rag	rag	root	1P,10P		1
173181	1	raG	ragh	root	0		
173260	1	raNK	raṅkh	root	1P		1
173261	1	raNg	raṅg	root	1P	raNg,134	1
173263	1	raNG	raṅgh	root	1Ā,10		1
173266	1	rac	rac	genuineroot	10P	rac,134	1
173342	1	raYj	rañj	genuineroot	1,4P,4Ā	raj2,134	1
174063	1	raw	raṭ	genuineroot	1P	raw,135	1
174066	2	rawarawAya	raṭaraṭāya	root	0Ā		
174071	1	raW	raṭh	root	1P		1
174075	1	raR	raṇ	genuineroot	1,4P	ran1,135	
174197	1	raR	raṇ	genuineroot	1P	ran2,136	1
174208	1	raR	raṇ	root	10P		1
174222	1	raRv	raṇv	root	1P	raRv,135	1
174789	1	rad	rad	genuineroot	1P,1Ā	rad,135	1
174809	1	raD	radh	genuineroot	4P	raD,135	1
174860	1	rap	rap	genuineroot	1P	rap,136	1
174863	1	rapS	rapś	genuineroot		rapS,136	
174867	1	raP	raph	genuineroot	1P	raP,136	1
174870	1	raB	rabh	genuineroot	1Ā	raB,136	1
174928	1	ram	ram	genuineroot	1Ā,1P	ram,137	1
175238	1	ramP	ramph	root	1P		1
175239	1	ramb	ramb	root	1Ā	ramb,137	
175240	1	ramb	ramb	root	1Ā,1P		1
175244	1	ramB	rambh	root	1Ā	ramB,137	1
175250	1	ray	ray	root	1Ā		1
175297	1	rarP	rarph	root	1P		1
175478	1	ras	ras	genuineroot	1P,1Ā	ras,137	1
175485	1	ras	ras	genuineroot	10P,10Ā		
175925	1	rah	rah	genuineroot	1P,10P	rah,138	1
176008	1	rA	rā	genuineroot	2P,2Ā	rA1,138	1
176087	1	rAK	rākh	root	1P		1
176194	1	rAG	rāgh	root	1Ā		1
176246	1	rAj	rāj	genuineroot	1P,1Ā	rAj,138	1
177153	1	rAD	rādh	genuineroot	5,4P	rAD,138	1
177749	1	rAS	rāś	root	0		
177844	1	rAs	rās	genuineroot	1Ā	rAs1,139	1
177944	1	ri	ri	root	0		
177953	1	riK	rikh	genuineroot	1P,6P	riK,139	1
177954	1	riNK	riṅkh	genuineroot	1P	riNK,139	1
177968	1	riNg	riṅg	genuineroot	1P	riNK,139	1
177975	1	ric	ric	genuineroot	7P,7Ā,1P,4Ā,10	ric,139	1
178029	1	rij	rij	root	1Ā		1
178034	1	riRv	riṇv	root	1P		1
178040	1	rip	rip	genuineroot		rip,140	
178088	1	riP	riph	genuineroot	6P	riP,140	1
178103	1	riB	ribh	genuineroot	1P,1Ā	riB,140	1
178117	1	rimP	rimph	root	6P		1
178119	1	rimb	rimb	root			
178131	1	riS	riś	genuineroot	6P	riS,140	1
178139	1	riz	riṣ	genuineroot	1,4P	riz,140	1
178173	1	rih	rih	genuineroot	6,2P,2Ā	rih,141	1
178179	1	rI	rī	genuineroot	9P,4P,4Ā	ri,139	1
178212	1	rIv	rīv	root	1P,1Ā		1
178213	1	ru	ru	genuineroot	2P	ru1,141	1
178231	1	ru	ru	genuineroot	1Ā	ru2,141	1
178234	1	ruMS	ruṃś	root	1,10P		1
178235	1	ruMz	ruṃṣ	root			
178244	1	ruc	ruc	genuineroot	1Ā,1P	ruc,141	1
178446	1	ruj	ruj	genuineroot	6P,10	ruj,142	1
178488	1	ruw	ruṭ	root	1Ā,10P		1
178489	1	ruW	ruṭh	genuineroot	1P,1Ā	ruW,142	1
178492	1	ruRw	ruṇṭ	root	1P		1
178493	1	ruRW	ruṇṭh	root	1P		1
178494	1	ruRq	ruṇḍ	root	0		
178506	1	rud	rud	genuineroot	2P	rud,142	1
178751	1	ruD	rudh	genuineroot	1P	ruD1,142	
178755	1	ruD	rudh	genuineroot	7P,7Ā	ruD2,143	1
178856	1	rup	rup	genuineroot	4P	rup,143	1
178902	1	ruS	ruś	genuineroot	6P		1
178916	1	ruz	ruṣ	genuineroot	1,4P,4,10	ruz,143	1
178960	1	ruh	ruh	genuineroot	1P	ruh,143	
179012	1	rUkz	rūkṣ	root	10P		1
179061	1	rUp	rūp	root	10P,10Ā		1
179276	1	rUz	rūṣ	genuineroot	1P,10P	rUz,144	1
179292	1	rek	rek	root	1Ā		1
179363	1	rej	rej	genuineroot	1P,1Ā	rej,144	1
179367	1	rew	reṭ	root	1P,1Ā		1
179371	1	req	reḍ	root	1Ā	req,144	
179467	1	rep	rep	root	1Ā		1
179482	1	rev	rev	root	0		1
179514	1	rez	reṣ	root	1Ā		1
179533	1	rE	rai	root	1P	rA2,138	1
179805	1	roq	roḍ	root	1P		1
180194	1	rOw	rauṭ	root	1P		1
180316	1	lak	lak	root	10P		1
180331	1	lakz	lakṣ	genuineroot	1Ā,1P,10P,10Ā	lakz,144	1
180702	1	laK	lakh	root	1P		1
180704	1	lag	lag	genuineroot	1P,10	lag,144	1
181104	1	laNK	laṅkh	root			1
181106	1	laNg	laṅg	root	1P		1
181121	1	laNG	laṅgh	genuineroot	1P,1Ā,10P	laNG,145	1
181150	1	laC	lach	root	1P		1
181152	1	laj	laj	root	6Ā		1
181154	1	laj	laj	root	1P		1
181155	1	laj	laj	root	10P		1
181156	1	lajj	lajj	genuineroot	6Ā	lajj,145	1
181192	1	laYj	lañj	root	1P		1
181193	1	laYj	lañj	root	10P		1
181202	1	law	laṭ	root	1P		1
181234	1	laq	laḍ	root	1P,10P	laq,145	1
181246	1	laRq	laṇḍ	root	10P		1
181338	1	lap	lap	genuineroot	1P	lap,145	1
181359	1	laB	labh	genuineroot	1Ā	laB,145	1
181467	1	lam	lam	root	0	lam,146	
181488	1	lamb	lamb	genuineroot	1Ā	lamb,146	1
181580	1	lamb	lamb	root	1Ā		1
181581	1	lamB	lambh	root	1Ā		1
181583	1	lay	lay	root	1Ā		1
181585	1	lard	lard	root	10P		
181586	1	larb	larb	root	1P		1
181587	1	lal	lal	genuineroot	1P,1Ā	lal,146	1
181980	1	laS	laś	root	10P		1
181985	1	laz	laṣ	genuineroot	1,4P,4Ā,10P	laz,146	1
181992	1	las	las	genuineroot	1P,10	las,147	1
182048	1	lahalahAya	lahalahāya	root			
182054	1	lA	lā	genuineroot	2P	lA,147	1
182095	1	lAK	lākh	root	1P		1
182098	1	lAG	lāgh	root	1Ā		1
182174	1	lAj	lāj	root	1P		1
182184	1	lAYC	lāñch	genuineroot	1P	lAYC,147	1
182191	1	lAYj	lāñj	root	1P		1
182220	1	lAq	lāḍ	root	10P		1
182248	1	lAB	lābh	root	10P		1
182337	1	liK	likh	genuineroot	6P,6Ā	liK,147	1
182475	1	liNK	liṅkh	root	1P		1
182476	1	liNg	liṅg	root	1P,10P		1
182615	1	lip	lip	genuineroot	6,1P,1Ā	lip,147	1
182704	1	liS	liś	genuineroot	4Ā,6P	liS,148	1
182726	1	lih	lih	genuineroot	2P,2Ā	lih,148	1
182753	1	lI	lī	genuineroot	9P,1P,4Ā,4P	lI1,148	1
182888	1	luYc	luñc	genuineroot	1P	luYc,149	1
182900	1	luYj	luñj	root	0		
182901	1	luw	luṭ	root	1Ā,10P		1
182902	1	luw	luṭ	genuineroot	1,4P,1Ā,10P		1
182907	1	luW	luṭh	genuineroot	1P,1Ā,10P	luW2,149	1
182908	1	luW	luṭh	genuineroot	6P	luW1,149	1
182922	1	luq	luḍ	genuineroot	1P,6P	luq,149	1
182926	1	luRw	luṇṭ	genuineroot	1P,10P		1
182935	1	luRW	luṇṭh	root	0		1
182948	1	luRq	luṇḍ	root			
182955	1	lunT	lunth	root	1P		1
182956	1	lup	lup	genuineroot	6P,6Ā,4P,4Ā	lup,149	1
183010	1	luB	lubh	genuineroot	6P,4P	luB,150	1
183054	1	lumb	lumb	root	1P,10P		1
183058	1	lul	lul	genuineroot	1P,1Ā	lul,150	1
183120	1	luz	luṣ	root	1P		1
183124	1	luh	luh	root	1P		1
183125	1	lU	lū	genuineroot	9P,9Ā	lU,150	1
183181	1	lUz	lūṣ	root	1P,10P		1
183198	1	lep	lep	root	1Ā		1
183225	1	lER	laiṇ	root	1P		1
183229	1	lok	lok	genuineroot	1Ā,10	lok,150	1
183561	1	loc	loc	genuineroot	1Ā,10P	loc,151	1
183604	1	low	loṭ	root	1P		1
183612	1	loq	loḍ	root	0		
183747	1	lozw	loṣṭ	root	1Ā		1
184086	1	lOq	lauḍ	root	1P		1
184149	1	lpI	lpī	root	9P		1
184152	1	lvI	lvī	root	9P		1
184344	1	vaMh	vaṃh	root			
184348	1	vak	vak	root	1Ā	vaYc,152	1
184508	1	vakk	vakk	root	1Ā		1
184521	1	vakz	vakṣ	genuineroot	1P	vakz,151	1
184556	1	vaK	vakh	root	1P		1
184576	1	vaNK	vaṅkh	root	1P		1
184580	1	vaNg	vaṅg	root	1P		1
184613	1	vaNG	vaṅgh	root	1Ā		1
184615	1	vac	vac	genuineroot	2P,3P,3Ā	vac,151	1
184793	1	vaj	vaj	root	1P,10P	vaj,152	1
185127	1	vaYc	vañc	genuineroot	1P,1Ā	vaYc,152	1
185175	1	vaw	vaṭ	root	1P,10P		1
185252	1	vaww	vaṭṭ	root	1P		
185255	1	vaW	vaṭh	root	1P		1
185298	1	vaqQ	vaḍḍh	root	1P		
185300	1	vaR	vaṇ	root	1P		1
185343	1	vaRw	vaṇṭ	genuineroot	1,10P	vaRw,152	1
185356	1	vaRW	vaṇṭh	root	1Ā		1
185370	1	vaRq	vaṇḍ	root	1Ā,10P		1
185375	1	vat	vat	root			
185521	1	vad	vad	genuineroot	1P,1Ā	vad,152	1
185579	1	vaD	vadh	genuineroot		vaD,153	1
185710	1	van	van	genuineroot	1P,8P,8Ā	van,153	1
186179	1	vand	vand	genuineroot	1Ā	vand,153	1
186277	1	vap	vap	genuineroot	1P,1Ā	vap2,154	
186291	1	vap	vap	genuineroot	1P,1Ā	vap1,154	1
186415	1	vaBr	vabhr	root	1P		1
186417	1	vam	vam	genuineroot	1P	vam,154	1
186460	1	vay	vay	root	1Ā,1P		1
187248	1	varc	varc	root	1Ā		1
187289	1	varR	varṇ	genuineroot	10P		1
187679	1	varD	vardh	genuineroot	10P		1
187798	1	varP	varph	root	1P		
188073	1	varh	varh	root	0		
188075	1	val	val	genuineroot	1Ā,1P	val,155	1
188173	1	valk	valk	root	10P		1
188205	1	valg	valg	genuineroot	1P,1Ā	valg,155	1
188244	1	valB	valbh	root	1Ā		1
188271	1	vall	vall	root	1P		1
188380	1	valh	valh	root	1Ā,10P	valh,155	1
188380.1	1	balh	balh	root	1Ā,10P		
188394	1	vaS	vaś	genuineroot	2P,1,3	vaS,155	1
188545	1	vaz	vaṣ	root	1P		1
188557	1	vazk	vaṣk	root	1Ā		1
188560	1	vas	vas	genuineroot	6P	vas1,155	
188997	1	vas	vas	genuineroot	10P		1
188998	1	vas	vas	genuineroot	2Ā	vas2,156	1
189096	1	vas	vas	genuineroot	1P,10P	vas3,156	1
189186	1	vas	vas	root	4P		1
189201	1	vask	vask	root	1Ā		1
189206	1	vast	vast	root	10Ā		1
189238	1	vah	vah	genuineroot	1P,1Ā	vah,157	1
189436	1	vA	vā	genuineroot	2P	vA1,157	1
189801	1	vANkz	vāṅkṣ	root	1P		1
190461	1	vAYC	vāñch	genuineroot	1P	vAYC,158	1
190529	1	vAq	vāḍ	root	0		
190607	1	vAt	vāt	root	10P		1
190802	1	vAD	vādh	root	0		
191295	3	vAyuputrAya	vāyuputrāya	root			
192244	1	vAvft	vāvṛt	root	4Ā		1
192249	1	vAS	vāś	genuineroot	4Ā	vAS,158	1
192285	1	vAs	vās	genuineroot	10P		1
192697	1	vAh	vāh	genuineroot	1Ā	vAh,158	1
194682	1	vic	vic	genuineroot	7P,7Ā,3	vic1,158	1
194915	1	vicCAy	vicchāy	root			
194955	1	viC	vich	root	10P		1
194956	1	vij	vij	genuineroot	6Ā,1P,3P,3Ā	vij,159	1
195337	1	viw	viṭ	root	1P		1
195395	1	viq	viḍ	root	1P		1
195444	1	viRw	viṇṭ	root	10P		1
195602	1	vitt	vitt	root	10P		1
195619	1	viT	vith	root	1Ā		1
195619.1	1	veT	veth	root	1Ā		
195626	1	vid	vid	genuineroot	2P	vid1,159	1
195939	1	vid	vid	genuineroot	6P,6Ā	vid2,159	1
196016	1	vid	vid	root	7Ā		1
196453	1	viD	vidh	root	6P	viD1,160	
196455	1	viD	vidh	root	6Ā		
196473	1	viD	vidh	root	1Ā		
197327	1	vind	vind	root	0P		
197339	1	vinD	vindh	root	0Ā	vinD,160	
197416	1	vip	vip	genuineroot	1Ā	vip,160	1
199553	1	vil	vil	root	6P,10P		1
200376	1	viS	viś	genuineroot	6P,6Ā	viS,160	1
201614	1	viz	viṣ	genuineroot	3P,1P,3	viz,161	1
201878	1	viz	viṣ	genuineroot	9P		1
202269	1	vizk	viṣk	root	10P		1
202319	1	vizw	viṣṭ	root			
202690	1	vis	vis	root	0		
203329	1	vI	vī	genuineroot	2P,2Ā	vI1,161	1
203453	1	vIj	vīj	genuineroot	1P,1Ā,10	vIj,162	1
203469	1	vIq	vīḍ	genuineroot	0P,0Ā	vIq,162	
203556	1	vIps	vīps	root	0P		
203561	1	vIB	vībh	root	0		
203564	1	vIr	vīr	root	10Ā,10P		1
203969	1	vuNg	vuṅg	root	0		
203972	1	vuRw	vuṇṭ	root	10P		1
203973	1	vunD	vundh	root	0		
203978	1	vf	vṛ	genuineroot	5,9,1P,1Ā	vf1,162	1
204040	1	vf	vṛ	genuineroot	5,9P,9Ā	vf2,163	1
204094	1	vfMh	vṛṃh	root	0		
204095	1	vfk	vṛk	root	1Ā		1
204178	1	vfkz	vṛkṣ	root	1Ā		1
204309	1	vfj	vṛj	genuineroot	1,7P,2Ā	vfj,163	1
204339	1	vfR	vṛṇ	root	8P,8Ā,6P		1
204340	1	vft	vṛt	genuineroot	1Ā	vft,164	1
204573	1	vfD	vṛdh	genuineroot	1Ā,1P,10	vfD,164	1
204827	1	vfS	vṛś	root	4P		1
204858	1	vfz	vṛṣ	genuineroot	1P,1Ā	vfz,165	1
205267	1	vfh	vṛh	root	0		
205270	1	vF	vṝ	root	0		1
205271	1	ve	ve	genuineroot	1P,1Ā	vA2,157	1
205298	1	vekz	vekṣ	root	10P		1
205421	1	vewy	veṭy	root	1P		
205425	1	veR	veṇ	root	0		1
206155	1	vedy	vedy	root			
206156	1	veD	vedh	root	1Ā		
206222	1	ven	ven	genuineroot	1P	ven,165	1
206235	1	vep	vep	root	0	vip,160	
206262	1	vel	vel	root	1P		1
206270	1	vel	vel	root	10P		1
206315	1	vell	vell	genuineroot	1P	vell,166	1
206348	1	vevI	vevī	root	2Ā		1
206478	1	vezw	veṣṭ	genuineroot	1Ā	vizw,161	1
206532	1	ves	ves	root	1P		1
206538	1	veh	veh	root	1Ā,1P		1
206538.1	1	beh	beh	root	1Ā,1P		
206543	1	vehl	vehl	root	1P		1
206544	1	vE	vai	genuineroot	1P,1Ā		1
208354	1	vyac	vyac	genuineroot	6P,3	vyac,166	1
208364	1	vyaj	vyaj	root			
208633	1	vyaT	vyath	genuineroot	1Ā	vyaT,166	1
208671	1	vyaD	vyadh	genuineroot	4P,4Ā	vyaD,166	1
208713	1	vyap	vyap	root	10P		1
208870	1	vyay	vyay	root	1P,1Ā,10P	vyay,167	1
208913	1	vyay	vyay	root	10P		1
210272	1	vyuz	vyuṣ	root	4P,10P		1
210345	1	vye	vye	genuineroot	1P,1Ā	vyA,167	1
210432	1	vraj	vraj	genuineroot	1P,10P	vraj,167	1
210509	1	vraR	vraṇ	root	1P	vran,167	1
210510	1	vraR	vraṇ	root	1P,10P		1
210707	1	vrad	vrad	root	0Ā	vrad,167	
210711	1	vraSc	vraśc	genuineroot	6P	vraSc,168	1
210761	1	vrAD	vrādh	root	0	vrAD,168	
210763	1	vrI	vrī	root	9P,4Ā		1
210765	1	vrIq	vrīḍ	genuineroot	1Ā,4P,10P	vrIq,168	1
210779	1	vrIs	vrīs	root	0		
210816	1	vruq	vruḍ	root	6P	vruq,168	1
210819	1	vrUs	vrūs	root	1,10P		1
210821	1	vlag	vlag	root			
210822	1	vlI	vlī	genuineroot	9P	vlI,168	1
210826	1	vlekz	vlekṣ	root	0		
210841	1	SaMs	śaṃs	genuineroot	1P,1Ā	SaMs,169	1
210897	1	Sak	śak	genuineroot	5P	Sak,169	1
211312	1	SakaSakAya	śakaśakāya	root	0P		
211426	1	SaNk	śaṅk	genuineroot	1Ā,1P	SaNk,170	1
211703	1	Sac	śac	root	1Ā		1
211725	1	SaYc	śañc	root	1Ā		
211726	1	Saw	śaṭ	root	1P,10Ā		1
211737	1	SaW	śaṭh	root	10Ā		1
211738	1	SaW	śaṭh	root	10P		1
211739	1	SaW	śaṭh	root	10P		1
211740	1	SaW	śaṭh	genuineroot	1P,10P		1
211769	1	SaR	śaṇ	root	1,10P		1
211801	1	SaRq	śaṇḍ	root	1Ā		1
212483	1	Sad	śad	genuineroot	1,6Ā,6P	Sad1,170;Sad2,170	1
212543	1	Sap	śap	genuineroot	1,4P,4Ā	Sap,170	1
212651	1	Sabd	śabd	genuineroot	10P		
212911	1	Sam	śam	genuineroot	4P,9	Sam1,171;Sam2,171;Sam3,171	1
213262	1	Samb	śamb	root	1P,10P		1
213806	1	SaraSarAya	śaraśarāya	root			
214005	1	Sarb	śarb	root	1P		1
214041	1	Sarv	śarv	root	1P		1
214062	1	Sal	śal	root	1Ā,1P,10Ā	Sal,171	1
214236	1	SalB	śalbh	root	1Ā		1
214243	1	Sav	śav	root	1P		1
214294	1	SaS	śaś	root	1P	SaS,171	1
214505	1	Saz	śaṣ	root	1P		1
214531	1	Sas	śas	genuineroot	1P	Sas,172	1
214945	1	SAK	śākh	root	1P		1
215105	1	SAq	śāḍ	root	1Ā		1
215256	1	SAn	śān	root	0Ā		1
215471	1	SAntv	śāntv	root	0		
215656	1	SAr	śār	root	0		1
215926	1	SAl	śāl	genuineroot	1Ā,1,10Ā		1
216290	1	SAs	śās	genuineroot	2P	SAs1,172	1
216481	1	Si	śi	genuineroot	3P,5P,5Ā	SA,172	1
216517	1	Sikz	śikṣ	genuineroot	1P,1Ā		1
216813	1	SiNK	śiṅkh	root	1P		1
216828	1	SiNG	śiṅgh	root	1P	SiNG,173	1
216845	1	SiYj	śiñj	genuineroot	2Ā,1,10Ā	SiYj,173	1
216864	1	Siw	śiṭ	root	1P		1
217043	1	Sim	śim	root	4P		
217055	1	SimiSimAya	śimiśimāya	root			
217236	1	SiriSirA	śiriśirā	root	0P		
217237	2	SiriSirAya	śiriśirāya	root	0Ā		
217253	1	Sil	śil	root	6P		1
217253.1	1	sil	sil	root	6P		
218103	1	Siz	śiṣ	root	1P		1
218104	1	Siz	śiṣ	genuineroot	7P,10	Siz,173	1
218170	1	SI	śī	genuineroot	2Ā,1	SI2,174	1
218176	1	SI	śī	root	4Ā	SI1,173	
218177	1	SIk	śīk	genuineroot	1Ā,10		1
218191	2	SIkAya	śīkāya	root	0P,0Ā		
218537	1	SIB	śībh	root	1Ā		1
218655	1	SIl	śīl	genuineroot	1P,10P		1
218725	2	SIlaya	śīlaya	root			
218744	1	Su	śu	root	1P		
218748	1	Suk	śuk	root	1P		1
219184	1	Suc	śuc	genuineroot	1P,4P,4Ā	Suc,174	1
219306	1	Suc	śuc	root	4P,4Ā	Suc,174	1
219307	1	Sucy	śucy	root	1P		1
219308	1	Suj	śuj	root	0	Suj,174	
219313	1	SuW	śuṭh	root	1P,10P		1
219320	1	SuRW	śuṇṭh	root	1P,10P		1
219331	1	SuRq	śuṇḍ	root	1P		1
219366	1	SuD	śudh	genuineroot	1P,1Ā,4P,4Ā	SuD,174	1
219556	1	Sun	śun	root	6P		1
219610	1	SunD	śundh	root	0		
219616	1	SuB	śubh	genuineroot	1Ā,6P,6Ā	SuB,175	1
219846	1	SumB	śumbh	root	1P		
219860	1	Sulk	śulk	root	10P		1
219883	1	Sulb	śulb	root	10P		1
219943	1	Suz	śuṣ	genuineroot	4P	Suz1,175	1
220027	1	Suz	śuṣ	genuineroot	6P		
220057	1	SU	śū	root			
220262	1	SUr	śūr	root	4Ā,10Ā		1
220341	1	SUrp	śūrp	root	10P		1
220376	1	SUl	śūl	root	1P,1Ā,4P,4Ā		1
220491	1	SUz	śūṣ	root	1P		1
220772	1	SfD	śṛdh	genuineroot	1P,1Ā	SfD,176	1
220783	1	SF	śṝ	genuineroot	9P,9Ā	Sf1,176	1
220836	1	Sel	śel	root	1P		1
220840	1	Sev	śev	root	1Ā		1
220965	1	SE	śai	root	0		
221333	1	So	śo	genuineroot	3P,3Ā,4P,4Ā		1
221433	1	SoR	śoṇ	root	1P		1
221763	1	SOw	śauṭ	root	1P		1
221773	1	SOq	śauḍ	root	0		
221941	1	Scand	ścand	root			
221943	1	Scam	ścam	root			
221944	1	Scar	ścar	root	0		
221945	1	Scut	ścut	genuineroot	1P	Scut,177	1
221952	1	Scyut	ścyut	root	0		
221953	1	SnaT	śnath	genuineroot	1P	SnaT,177	1
222029	1	SmIl	śmīl	root	1P		1
222309	1	SyE	śyai	genuineroot	1P,1Ā	SyA,177	1
222318	1	SraNk	śraṅk	root	1Ā		1
222319	1	SraNg	śraṅg	root	1P		1
222320	1	SraR	śraṇ	root	1P,10P	Sran,178	1
222382	1	SraT	śrath	genuineroot	9P,9Ā	SraT,177	1
222390	2	SraTAya	śrathāya	root	0		
222401	1	Sram	śram	genuineroot	4P	Sram,178	1
222476	1	SramB	śrambh	root	1Ā	SramB,178	1
222686	1	SrA	śrā	genuineroot	1,4P,2P	SrA,178	1
222815	1	SrAm	śrām	root	0		
222829	1	Sri	śri	genuineroot	1P,1Ā	Sri,179	1
222855	1	Sriz	śriṣ	root	1P		1
222857	1	SrI	śrī	genuineroot	9P,9Ā	SrI1,179	1
223391	1	SrIv	śrīv	root			
223393	1	Sru	śru	genuineroot	5P,5Ā	Sru,179	1
223678	1	Sruz	śruṣ	root			
223689	1	Srek	śrek	root			
223800	1	SrE	śrai	root	0		
223801	1	SroR	śroṇ	root	1P		1
223992	1	SlaNk	ślaṅk	root	1Ā		1
223993	1	SlaNg	ślaṅg	root	1P		1
223994	1	SlaT	ślath	genuineroot	1P	SraT,177	1
224010	1	SlAK	ślākh	root	1P		1
224011	1	SlAG	ślāgh	genuineroot	1Ā	SlAG,180	1
224041	1	Sliz	śliṣ	root	1P		1
224043	1	Sliz	śliṣ	genuineroot	4P,4Ā	Sliz,180	1
224150	1	Slok	ślok	root	1Ā		1
224184	1	SloR	śloṇ	root	1P		1
224188	1	SvaNk	śvaṅk	root	1Ā		1
224189	1	SvaNg	śvaṅg	root	1P		1
224190	1	Svac	śvac	root	1Ā	SvaYc,181	1
224191	1	Svaj	śvaj	root	1Ā		1
224192	1	SvaW	śvaṭh	root	10P		1
224193	1	SvaW	śvaṭh	root	10P		1
224344	1	SvaBr	śvabhr	root	10P		1
224357	1	Svart	śvart	root	0		1
224358	1	Sval	śval	root	1P		1
224359	1	Svalk	śvalk	root	10P		1
224360	1	Svall	śvall	root	0		
224373	1	Svas	śvas	genuineroot	2P	Svas,181	1
224466	1	SvAtr	śvātr	root	1P		
224480	1	Svi	śvi	genuineroot	1P	SU,175	1
224494	1	Svit	śvit	root	1Ā	Svit,181	1
224875	1	Svind	śvind	root	1		1
224899	1	zag	ṣag	root	0		
224899.1	1	zaG	ṣagh	root	0		
224899.2	1	zac	ṣac	root	0		
224902	1	zaww	ṣaṭṭ	root	10P		
224917	2	zaRqaya	ṣaṇḍaya	root			
224924	2	zaRqIya	ṣaṇḍīya	root			
225508	1	zazk	ṣaṣk	root	1P		
225553	1	zukk	ṣukk	root	1Ā		1
225563	1	zWiv	ṣṭhiv	genuineroot	1,4P	zWIv,181	1
225581	1	zvakk	ṣvakk	root	1Ā		
225582	1	zvazk	ṣvaṣk	root	1P,1Ā		1
227100	1	saMst	saṃst	root	0		
227845	1	sakz	sakṣ	root	1P	sakz,182	
227851	1	saK	sakh	root			
227853	1	sag	sag	root	1		1
227922	1	saG	sagh	root	5P	saG,182	1
228852	1	sac	sac	genuineroot	1Ā,1P	sac,182	1
228908	1	sac	sac	root	0		
229022	1	sajj	sajj	root	1P		1
229049	2	sajjIya	sajjīya	root	0Ā		
229058	1	saYc	sañc	root	0		
229217	1	saYj	sañj	root	1P		1
229218	1	saYj	sañj	genuineroot	1P,1Ā	saj,182	1
229447	1	saw	saṭ	root	1P,10		1
229463	1	saww	saṭṭ	root	10P		1
229472	1	saW	saṭh	root	10P		1
230482	1	satr	satr	root	10Ā		1
230505	1	sad	sad	genuineroot	1,6P	sad,183	1
231023	1	san	san	genuineroot	1P,8P,8Ā	san,183	1
232210	1	sap	sap	genuineroot	1P,1Ā	sap,184	1
232980	1	saBAj	sabhāj	root	10P		1
232986	1	sam	sam	root	1P,10P		1
233271	2	samaya	samaya	root	0P		
236744	1	samb	samb	root	0		
236788	1	sambarya	sambarya	root			
237404	1	say	say	root	1Ā		1
237906	1	sarj	sarj	root	1P	sarj,184	
237907	1	sarj	sarj	root	1P		1
238104	1	sarb	sarb	root	1P		1
238106	1	sarv	sarv	root	0		
239282	1	sal	sal	root	1P		1
239781	1	saSc	saśc	root	0		
239787	1	sas	sas	genuineroot	2P	sas,184	1
239967	1	sah	sah	genuineroot	1Ā,10	sah,184	1
240101	1	sah	sah	root	4P		1
240851	1	sA	sā	root			
241011	1	sAkz	sākṣ	root	1P		
241357	1	sAw	sāṭ	root	10P		
241374	1	sAt	sāt	root			
241500	1	sAD	sādh	genuineroot	1P,1Ā,4,5	sAD,185	1
241986	1	sAntv	sāntv	genuineroot	10P,10Ā		1
242187	1	sAm	sām	root			
242233	2	sAmaya	sāmaya	root	10P		1
242607	1	sAmb	sāmb	root	0		
243722	1	si	si	genuineroot	5,9P,9Ā	sA1,185	1
244005	1	sik	sik	root			
244032	1	sic	sic	genuineroot	6P,6Ā	sic,186	1
244057	1	siw	siṭ	root	1P		1
244297	1	siD	sidh	root	1P		1
244298	1	siD	sidh	genuineroot	1P	siD1,186	1
244301	1	siD	sidh	genuineroot	4P	siD2,186	1
244920	1	sinv	sinv	root			
244933	1	siB	sibh	root	0		
244938	1	simasimAya	simasimāya	root	0Ā		
244939	2	simisimAya	simisimāya	root	0Ā		
244996	1	siv	siv	genuineroot	4P	sIv,187	1
245038	1	sI	sī	root	0		
245095	1	sIk	sīk	root	0		
245236	1	su	su	root	1P,1Ā		1
245237	1	su	su	root	1,2P	sU,188	1
245241	1	su	su	genuineroot	5P,5Ā		1
245287	1	su	su	root	0		
245610	1	suK	sukh	root	10,4P		1
246351	1	suww	suṭṭ	root	10P		1
247217	1	sund	sund	root			
248170	1	suB	subh	root	9,6P,1	suB,188	1
248502	1	sumB	sumbh	root	0		
249254	1	sur	sur	root	6P,10P		1
250630	1	suh	suh	genuineroot	4P		1
250729	1	sU	sū	genuineroot	6P,6Ā	sU,188	1
250739	1	sU	sū	genuineroot	2Ā	sU,188	1
250993	1	sUc	sūc	root	10P		1
251184	1	sUtr	sūtr	root	10P		1
251301	1	sUd	sūd	genuineroot	1Ā,10	sUd,188	1
251816	1	sUrkz	sūrkṣ	root	1P	sUrkz,189	1
251832	1	sUz	sūṣ	root	1P		1
251838	1	sf	sṛ	genuineroot	1,3P,3Ā,10P,10Ā	sf,189	1
251924	1	sfj	sṛj	genuineroot	6P,6Ā	sfj,189	1
252007	1	sfD	sṛdh	root	0		
252008	1	sfp	sṛp	genuineroot	1P	sfp,190	1
252034	1	sfB	sṛbh	root	1P		1
252038	1	sF	sṝ	root	9P		1
252041	1	se	se	root	0Ā		
252045	1	sek	sek	root	1Ā		1
252253	1	sel	sel	root	0		
252262	1	sev	sev	genuineroot	1Ā	sev,190	1
252381	1	sE	sai	root	1P		1
252524	1	so	so	genuineroot	4P		1
254077	1	skand	skand	genuineroot	1P,1Ā	skand,190	1
254159	1	skanD	skandh	root	10P		
254241	1	skamB	skambh	genuineroot	5,9P,1Ā	skamB,191	1
254257	1	sku	sku	genuineroot	5,9P,9Ā	sku,191	1
254259	1	skund	skund	root	1Ā		1
254260	1	skumB	skumbh	root	5,9P		1
254267	1	sKad	skhad	root	1Ā		1
254272	1	sKal	skhal	genuineroot	1P	sKal,191	1
254305	1	sKuq	skhuḍ	root			
254306	1	stak	stak	root	1P		1
254307	1	stan	stan	genuineroot	1P	stan,191	1
254431	1	stam	stam	root	0		
254463	1	stamB	stambh	genuineroot	5,9P,1Ā	stamB,192	1
254590	1	stiG	stigh	genuineroot	5P,5Ā	stiG,192	1
254591	1	stip	stip	root	1Ā		1
254599	1	stim	stim	root	4P	stim,192	1
254621	1	stIm	stīm	root	0		
254632	1	stu	stu	genuineroot	2P,2Ā	stu1,193	1
254797	1	stuc	stuc	root	1Ā		1
254799	1	stuB	stubh	genuineroot	1P,1Ā	stuB,193	1
254821	1	stumB	stumbh	root	5,9P		1
254826	1	stUp	stūp	root	4,10P		1
254842	1	stf	stṛ	genuineroot	5,9P,9Ā,5P,5Ā	stf,193	1
254868	1	stfkz	stṛkṣ	root	1P		1
254870	1	stfh	stṛh	root	6P	stfh,193	1
254872	1	sten	sten	root	10P		1
254882	1	step	step	root	1Ā,10P		1
254884	1	stE	stai	root	1P	stA,192	1
254903	1	stom	stom	root			
254911	1	styE	styai	root	1P,1Ā	styA,194	1
255154	1	sTag	sthag	genuineroot	1P	sTag,193	1
255204	1	sTal	sthal	root	1P		1
255316	1	sTA	sthā	genuineroot	1P,1Ā	sTA,194	1
255900	1	sTir	sthir	root	1P		
255907	1	sTuq	sthuḍ	root	6P		1
255910	1	sTU	sthū	root			
256003	1	sTUl	sthūl	root	10Ā,10P		1
256198	1	snas	snas	root	0		
256200	1	snA	snā	genuineroot	2P,4P,4Ā	snA,195	1
256297	1	sniw	sniṭ	root	10P		1
256298	1	snih	snih	genuineroot	4P,1P,10P	snih,195	1
256456	1	snu	snu	genuineroot	2P	snu,195	1
256467	1	snuc	snuc	root	1Ā		
256474	1	snus	snus	root	4P		1
256475	1	snuh	snuh	root	4P		1
256486	1	snE	snai	root	1P		1
256488	1	spand	spand	genuineroot	1Ā	spand,196	1
256521	1	sparD	spardh	genuineroot	1Ā,1P	spfD,196	1
256547	1	sparS	sparś	root	0		
256549	1	sparz	sparṣ	root	1Ā		
256550	1	spaS	spaś	genuineroot		paS1,95	
256581	1	spaS	spaś	root	1P,1Ā		1
256584	1	spaS	spaś	root	10P		1
256588	1	spf	spṛ	genuineroot	5P	spf,196	1
256602	1	spfS	spṛś	genuineroot	6P	spfS,196	1
256712	1	spfh	spṛh	genuineroot	10P	spfh,197	1
256737	1	spF	spṝ	root	9P		1
256740	1	sPaw	sphaṭ	root	1P,10P	sPaw,197	1
256784	1	sPaRw	sphaṇṭ	root			
256785	1	sPaRq	sphaṇḍ	root	10P		1
256786	1	sPar	sphar	root	6P		
256804	1	sPal	sphal	root	1P	sPal,197	
256812	1	sPAy	sphāy	genuineroot	1Ā	sPA,197	1
256854	1	sPiw	sphiṭ	root	10P		1
256856	1	sPiww	sphiṭṭ	root	10P		1
256860	1	sPuw	sphuṭ	genuineroot	6P,1P,1Ā	sPuw,197	1
256961	1	sPuww	sphuṭṭ	root	10P		1
256962	1	sPuq	sphuḍ	root	6P		1
256963	1	sPuRw	sphuṇṭ	root	1P,10P		1
256964	1	sPuRq	sphuṇḍ	root	1Ā,10P		1
256968	1	sPur	sphur	genuineroot	6P	sPf,198	1
257014	1	sPurC	sphurch	root	0		
257014.1	1	sPurj	sphurj	root	0		
257015	1	sPul	sphul	genuineroot	6P		1
257027	1	sPUrC	sphūrch	root	1P		1
257031	1	sPUrj	sphūrj	root	1P	sPUrj,198	1
257060	1	sbF	sbṝ	root	0		
257075	1	smi	smi	genuineroot	1Ā	smi,198	1
257109	1	smiw	smiṭ	root	10P		1
257110	1	smIl	smīl	root	0		
257112	1	smf	smṛ	genuineroot	1P,1Ā	smf,199	1
257403	1	syand	syand	genuineroot	1Ā	syand,199	1
257458	1	syam	syam	root	1P,10P,10Ā		1
257528	1	sraMs	sraṃs	genuineroot	1Ā	sraMs,199	1
257563	1	sraMh	sraṃh	root	1Ā		1
257567	1	sraNk	sraṅk	root	0		
257602	1	sramB	srambh	root	0		
257614	1	sriD	sridh	root	1P	sriD,200	
257616	1	sriB	sribh	root	1P		1
257618	1	sriv	sriv	genuineroot	4P	srIv,200	1
257621	1	sru	sru	genuineroot	1P	sru,200	1
257769	1	sruh	sruh	root			
257770	1	srek	srek	root	1Ā		1
257772	1	srE	srai	root	0		
258748	1	svaNg	svaṅg	root	1P		1
258776	1	svaj	svaj	genuineroot	1Ā	svaj,200	1
258785	1	svaW	svaṭh	root	0		1
258787	1	svad	svad	genuineroot	1Ā,1P	svad,201	1
258909	1	svan	svan	genuineroot	1P	svan,201	1
258948	1	svap	svap	genuineroot	2P	svap,201	1
259078	1	svar	svar	root	10P		1
259079	1	svar	svar	root	1P		
259408	1	svart	svart	root	0		
259410	1	svard	svard	root	1Ā		1
259490	1	svask	svask	root	0		
259802	1	svid	svid	genuineroot	1Ā,1P	svid,202	1
259867	1	svUrC	svūrch	root			
259868	1	svf	svṛ	genuineroot	1P	svar,201	1
260011	1	svF	svṝ	root	0		
260012	1	svek	svek	root			
260227	1	haw	haṭ	root	1P		1
260241	1	haW	haṭh	root	1P		1
260291	1	had	had	genuineroot	1P,1Ā	had,202	1
260297	1	han	han	genuineroot	2P,2Ā,1	han,202	1
260557	1	hamm	hamm	root	1P		1
260560	1	hay	hay	root	1P		1
261643	1	hary	hary	genuineroot	1P,1Ā		1
261758	1	hal	hal	root	1P		1
262056	1	has	has	genuineroot	1P	has,203	1
262501	1	hA	hā	genuineroot	3Ā	hA2,204	1
262507	1	hA	hā	genuineroot	3P,1	hA1,204;hA2,204	1
262717	1	hi	hi	genuineroot	5P,5Ā	hi,205	1
262731	1	hiMs	hiṃs	genuineroot	1,7P,7Ā,10P	hiMs,205	1
262789	1	hikk	hikk	root	1P,1Ā	hikk,205	1
262838	1	hiw	hiṭ	root	0		
262850	1	hiRq	hiṇḍ	root	1Ā	hiRq,205	1
262947	1	hinv	hinv	root	0		
263382	1	hil	hil	root	6P		1
263401	1	hizk	hiṣk	root	0		
263406	1	hIq	hīḍ	genuineroot	0P,0Ā	hIq,206	
263443	1	hu	hu	genuineroot	3P,3Ā	hu,206	1
263507	1	huq	huḍ	root	6P,1P		1
263529	1	huRq	huṇḍ	root	1Ā		1
263569	1	hurC	hurch	root	1P	hUrC,207	1
263577	1	hul	hul	root	1P		1
263608	1	hUq	hūḍ	root	1P		1
263626	1	hf	hṛ	genuineroot	1P,1Ā	hf1,207	1
263654	1	hf	hṛ	genuineroot	9Ā	hf2,207	
263655	2	hfRAya	hṛṇāya	root			
263915	1	hfz	hṛṣ	genuineroot	1P,1Ā,4P	hfz,208	1
263975	1	heW	heṭh	root	1P,1Ā,9P	heW,208	1
263977	1	heq	heḍ	root	1Ā,1P	hIq,206	1
263989	1	heQ	heḍh	root	9P		
264383	1	hel	hel	root			
264415	1	hez	heṣ	genuineroot	1Ā	hez,208	1
264470	1	hoq	hoḍ	root	1Ā		1
264639	1	hOq	hauḍ	root			
264643	1	hnu	hnu	genuineroot	2Ā	hnu,208	1
264650	1	hmal	hmal	root	1P		1
264662	1	hrag	hrag	root	1P		1
264680	1	hrap	hrap	root	0		
264681	1	hras	hras	genuineroot	1P,1Ā	hras,208	1
264747	1	hrAd	hrād	genuineroot	1Ā	hrAd,209	1
264772	1	hrI	hrī	genuineroot	3P	hrI,209	1
264801	1	hrIC	hrīch	root	1P		1
264806	1	hru	hru	root	9P	hvf,210	
264809	1	hruq	hruḍ	root	1P,1Ā		1
264814	1	hrep	hrep	root	1Ā		1
264815	1	hrez	hreṣ	genuineroot	1Ā,1P	hrez,209	1
264821	1	hrOq	hrauḍ	root	1P		1
264823	1	hlag	hlag	genuineroot	1Ā		1
264825	1	hlap	hlap	root	10P		1
264826	1	hlas	hlas	root	1P		1
264827	1	hlAd	hlād	genuineroot	1Ā	hlAd,209	1
264858	1	hval	hval	genuineroot	1P	hval,209	1
264863	1	hvf	hvṛ	genuineroot	1P,1Ā	hvf,210	1
264875	1	hve	hve	genuineroot	1P,1Ā	hU,206	1
