L_id	headword	headword_slp1	root	root_slp1	root_source	prefixes	karaka	karaka_sense	affix	affix_slp1	group	anubandha	anubandha_steps	affix_source	context
13954	godhā	goDA	bāhuranayā	bAhuranayA	local		karaRe	instrument (karaṇe)	ghañ	GaY	Action / result noun	kṛt affix 'ghañ' -> -a; action/result noun (bhāva, vṛddhi) | anubandha: git: treated as nit -> blocks guna/vrddhi (1.1.5); nit (n~): causes adi-vrddhi of the base (7.2.117) and svarita/ubhayapada	gh = it (initial) ; ñ = it (→ vṛddhi) ; → -a	Apte-SH(affix_map.tsv)	goDika#}.{# guDyate vezwyate bAhuranayA karaRe GaY .#}
13963	godhūmasambhava	goDUmasamBava					apAdAne	source (apādāne)	ap	ap	Agent — the doer	kṛt affix 'ap' -> -a; action / agent noun | anubandha: p = pit -> anudātta affix (3.1.4)		WIL	d {#samBava#} produced. {#sam + BU-#} {#apAdAne ap goDU
13981	gopana	gopana					BAve	action / abstract (bhāve)	lyuṭ	lyuw	Action / result noun	kṛt affix 'lyuṭ' -> -ana; action / instrument noun | anubandha: lit: acute on the vowel just before the it-letter (6.1.193); indicatory u: distinguishes the affix; conditions i.t in some forms; tit (.t): feminine is formed with nip -i (4.1.15)	l = it ; ṭ = it ; yu → ana (P.7.1.1) ; → -ana	Apte-SH(affix_map.tsv)	he Laurus cassia. E. {#gup#} to hide, {#BAve lyuw#} af
14155	granthana	granTana					BAve	action / abstract (bhāve)	lyuṭ	lyuw	Action / result noun	kṛt affix 'lyuṭ' -> -ana; action / instrument noun | anubandha: lit: acute on the vowel just before the it-letter (6.1.193); indicatory u: distinguishes the affix; conditions i.t in some forms; tit (.t): feminine is formed with nip -i (4.1.15)	l = it ; ṭ = it ; yu → ana (P.7.1.1) ; → -ana	Apte-SH(affix_map.tsv)	book. E. {#granTa#} to arrange, affix {#BAve lyuw#} or
14171	grasana	grasana					BAve	action / abstract (bhāve)	lyuṭ	lyuw	Action / result noun	kṛt affix 'lyuṭ' -> -ana; action / instrument noun | anubandha: lit: acute on the vowel just before the it-letter (6.1.193); indicatory u: distinguishes the affix; conditions i.t in some forms; tit (.t): feminine is formed with nip -i (4.1.15)	l = it ; ṭ = it ; yu → ana (P.7.1.1) ; → -ana	Apte-SH(affix_map.tsv)	Taking, seizing. E. {#gras#} to take {#BAve lyuw#} af
14180	grahaṇa	grahaRa					BAve	action / abstract (bhāve)	lyuṭ	lyuw	Action / result noun	kṛt affix 'lyuṭ' -> -ana; action / instrument noun | anubandha: lit: acute on the vowel just before the it-letter (6.1.193); indicatory u: distinguishes the affix; conditions i.t in some forms; tit (.t): feminine is formed with nip -i (4.1.15)	l = it ; ṭ = it ; yu → ana (P.7.1.1) ; → -ana	Apte-SH(affix_map.tsv)	Exception. E. {#grah#} to take, affix {#BAve lyuw#}.
14286	glāna	glAna					kartari	agent (kartari)	kta	kta	Participle	kṛt affix 'kta' -> -ta; past passive participle | anubandha: kit: blocks guna/vrddhi of the root vowel (1.1.5 kniti ca); tit: svarita accent on the affix (6.1.185)	k = it (P.1.3.8) ; → surface -ta	Apte-SH(affix_map.tsv)	ase, &c. E. {#glE#} to be feeble, and {#karttari kta#} af
14417	gharṣaṇa	GarzaRa					BAve	action / abstract (bhāve)	lyuṭ	lyuw	Action / result noun	kṛt affix 'lyuṭ' -> -ana; action / instrument noun | anubandha: lit: acute on the vowel just before the it-letter (6.1.193); indicatory u: distinguishes the affix; conditions i.t in some forms; tit (.t): feminine is formed with nip -i (4.1.15)	l = it ; ṭ = it ; yu → ana (P.7.1.1) ; → -ana	Apte-SH(affix_map.tsv)	ur- meric. E. {#Gfz#} to grind, affix {#BAve lyuw#}.
14422	ghasi	Gasi					BAve	action / abstract (bhāve)	in	in	Possessive — “having X”	taddhita affix 'in' -> -in; possessive '-in' ('having') | anubandha: matvartha (possessive) affix		WIL	}) Food, victuals. E. {#Gas#} to eat, {#BAve in#} af
14430	ghātana	GAtana					BAve	action / abstract (bhāve)	lyuṭ	lyuw	Action / result noun	kṛt affix 'lyuṭ' -> -ana; action / instrument noun | anubandha: lit: acute on the vowel just before the it-letter (6.1.193); indicatory u: distinguishes the affix; conditions i.t in some forms; tit (.t): feminine is formed with nip -i (4.1.15)	l = it ; ṭ = it ; yu → ana (P.7.1.1) ; → -ana	Apte-SH(affix_map.tsv)	the radical. {#hastyarTatvAt svArTe Ric BAve lyuw .#}
14470	ghūrṇāyamāna	GUrRAyamAna	kyaṅ	kyaN	local		kartari	agent (kartari)	śānac	SAnac	Participle	kṛt affix 'śānac' -> -āna; present middle participle (ātmanepada) | anubandha: ś = śit -> sārvadhātuka (3.4.113); c = cit final acute		WIL	BrAnta iva Acarati BfSA-cvarTe vA kyaN karttari SAnac#}.
14472	ghūrṇita	GUrRita					kartari	agent (kartari)	kta	kta	Participle	kṛt affix 'kta' -> -ta; past passive participle | anubandha: kit: blocks guna/vrddhi of the root vowel (1.1.5 kniti ca); tit: svarita accent on the affix (6.1.185)	k = it (P.1.3.8) ; → surface -ta	Apte-SH(affix_map.tsv)	ng. E. {#GUrRa#} to turn round, affix {#karttari kta#}.
14506	ghṛṣṭi	Gfzwi					kartari	agent (kartari)	ktic	ktic	Other	uncurated affix 'ktic' | it-letters: kit: blocks guna/vrddhi of the root vowel (1.1.5 kniti ca); tit: svarita accent on the affix (6.1.185); cit: final acute accent, antodatta (6.1.163)		generic-decoder	, contest. E. {#Gfz#} to grind, affix {#karttari ktic#}.
14532	ghoṣaṇa	GozaRa					BAve	action / abstract (bhāve)	lyuṭ	lyuw	Action / result noun	kṛt affix 'lyuṭ' -> -ana; action / instrument noun | anubandha: lit: acute on the vowel just before the it-letter (6.1.193); indicatory u: distinguishes the affix; conditions i.t in some forms; tit (.t): feminine is formed with nip -i (4.1.15)	l = it ; ṭ = it ; yu → ana (P.7.1.1) ; → -ana	Apte-SH(affix_map.tsv)	ing. E. {#Guz#} to sound, affixes {#Ric BAve lyuw#} an
14539	ghrāṇa	GrARa					karaRe	instrument (karaṇe)	lyuṭ	lyuw	Action / result noun	kṛt affix 'lyuṭ' -> -ana; action / instrument noun | anubandha: lit: acute on the vowel just before the it-letter (6.1.193); indicatory u: distinguishes the affix; conditions i.t in some forms; tit (.t): feminine is formed with nip -i (4.1.15)	l = it ; ṭ = it ; yu → ana (P.7.1.1) ; → -ana	Apte-SH(affix_map.tsv)	ur. 3. Smelling. E. {#GrA#} to smell, {#karaRe lyuw .#}
14544	ghrāti	GrAti					karaRe	instrument (karaṇe)	ktin	ktin	Action / result noun	kṛt affix 'ktin' -> -ti; action noun (fem. -ti) | anubandha: kit: blocks guna/vrddhi of the root vowel (1.1.5 kniti ca); tit: svarita accent on the affix (6.1.185)	k = it ; n = it ; → -ti	Apte-SH(affix_map.tsv)	The nose. 2. Smelling. E. {#GrA#} and {#karaRe ktin#} af
14554	cakita	cakita					BAve	action / abstract (bhāve)	kta	kta	Participle	kṛt affix 'kta' -> -ta; past passive participle | anubandha: kit: blocks guna/vrddhi of the root vowel (1.1.5 kniti ca); tit: svarita accent on the affix (6.1.185)	k = it (P.1.3.8) ; → surface -ta	Apte-SH(affix_map.tsv)	hti metre. E. {#cak#} to repel, affix {#BAve kta#}.
14801	camatkāra	camatkAra	kṛ	kf	local		BAve	action / abstract (bhāve)	ghañ	GaY	Action / result noun	kṛt affix 'ghañ' -> -a; action/result noun (bhāva, vṛddhi) | anubandha: git: treated as nit -> blocks guna/vrddhi (1.1.5); nit (n~): causes adi-vrddhi of the base (7.2.117) and svarita/ubhayapada	gh = it (initial) ; ñ = it (→ vṛddhi) ; → -a	Apte-SH(affix_map.tsv)	#} making. {#camadityavyaktaM kriyate kfBAve GaY .#}
14834	caraṇa	caraRa					karaRe	instrument (karaṇe)	lyuṭ	lyuw	Action / result noun	kṛt affix 'lyuṭ' -> -ana; action / instrument noun | anubandha: lit: acute on the vowel just before the it-letter (6.1.193); indicatory u: distinguishes the affix; conditions i.t in some forms; tit (.t): feminine is formed with nip -i (4.1.15)	l = it ; ṭ = it ; yu → ana (P.7.1.1) ; → -ana	Apte-SH(affix_map.tsv)	ut. 2. Eating. E. to {#car#} go affix {#karaRe lyuw#}.
14924	carvvaṇa	carvvaRa					BAve	action / abstract (bhāve)	lyuṭ	lyuw	Action / result noun	kṛt affix 'lyuṭ' -> -ana; action / instrument noun | anubandha: lit: acute on the vowel just before the it-letter (6.1.193); indicatory u: distinguishes the affix; conditions i.t in some forms; tit (.t): feminine is formed with nip -i (4.1.15)	l = it ; ṭ = it ; yu → ana (P.7.1.1) ; → -ana	Apte-SH(affix_map.tsv)	asticating. E. {#carvv#} to chew, and {#BAve lyuw#} af
14942	calana	calana					karaRe	instrument (karaṇe)	lyuṭ	lyuw	Action / result noun	kṛt affix 'lyuṭ' -> -ana; action / instrument noun | anubandha: lit: acute on the vowel just before the it-letter (6.1.193); indicatory u: distinguishes the affix; conditions i.t in some forms; tit (.t): feminine is formed with nip -i (4.1.15)	l = it ; ṭ = it ; yu → ana (P.7.1.1) ; → -ana	Apte-SH(affix_map.tsv)	. E. {#cal#} to go, affix {#BAve#} or {#karaRe lyuw#} or
14942	calana	calana					kartari	agent (kartari)	lyu	lyu	Other	uncurated affix 'lyu' | it-letters: lit: acute on the vowel just before the it-letter (6.1.193); indicatory u: distinguishes the affix; conditions i.t in some forms		generic-decoder	ve#} or {#karaRe lyuw#} or {#yuc#} or {#karttari lyu .#}
14982	cātaka	cAtaka					kartari	agent (kartari)	ṇvul	Rvul	Agent — the doer	kṛt affix 'ṇvul' -> -aka; agent noun (vṛddhi) | anubandha: nit (.n): causes vrddhi of the base vowel (7.2.115-117); indicatory u: distinguishes the affix; conditions i.t in some forms; lit: acute on the vowel just before the it-letter (6.1.193)	ṇ = it (→ vṛddhi) ; l = it ; vu → aka (P.7.1.1) ; → -aka	Apte-SH(affix_map.tsv)	lanoleucus.) E. {#cat#} to beg, affix {#karttari Rvul#}; b
15072	cālana	cAlana					BAve	action / abstract (bhāve)	lyuṭ	lyuw	Action / result noun	kṛt affix 'lyuṭ' -> -ana; action / instrument noun | anubandha: lit: acute on the vowel just before the it-letter (6.1.193); indicatory u: distinguishes the affix; conditions i.t in some forms; tit (.t): feminine is formed with nip -i (4.1.15)	l = it ; ṭ = it ; yu → ana (P.7.1.1) ; → -ana	Apte-SH(affix_map.tsv)	, (grain, &c. through its pores,) {#Ric BAve lyuw#} an
15081	cikitsita	cikitsita					BAve	action / abstract (bhāve)	kta	kta	Participle	kṛt affix 'kta' -> -ta; past passive participle | anubandha: kit: blocks guna/vrddhi of the root vowel (1.1.5 kniti ca); tit: svarita accent on the affix (6.1.185)	k = it (P.1.3.8) ; → surface -ta	Apte-SH(affix_map.tsv)	ffix {#kta svArTe#} {#san karmaRi kta . BAve kta vA .
15108	cit	cit					BAve	action / abstract (bhāve)	kvip	kvip	Bare root / zero affix	kṛt affix 'kvip' -> -∅; zero affix -> root used directly as a noun | anubandha: k,v,i,p all it -> the whole affix elides (6.1.67)		WIL	cana#}. E. {#cit#} to remember, affix {#BAve kvip#}
15116	citta	citta					karaRe	instrument (karaṇe)	kta	kta	Participle	kṛt affix 'kta' -> -ta; past passive participle | anubandha: kit: blocks guna/vrddhi of the root vowel (1.1.5 kniti ca); tit: svarita accent on the affix (6.1.185)	k = it (P.1.3.8) ; → surface -ta	Apte-SH(affix_map.tsv)	ntellect. E. {#cit#} to consider, and {#karaRe kta#} af
15143	citya	citya					BAve	action / abstract (bhāve)	kyap	kyap	Participle	kṛt affix 'kyap' -> -ya; future passive participle / gerundive | anubandha: k = kit -> no guṇa; p = pit -> anudātta		WIL	funeral pile. E. {#citA#} a pile, and {#BAve kyap#} af
15147	citra	citra	citra	citra	local		BAve	action / abstract (bhāve)	ac	ac	Agent — the doer	kṛt affix 'ac' -> -a; agent / action -a | anubandha: cit: final acute accent, antodatta (6.1.163)	c = it ; → -a	Apte-SH(affix_map.tsv)	e duplicate {#ta#} rejected, or {#citra-BAve ac, ci-
15329	cukkāra	cukkAra					BAve	action / abstract (bhāve)	ac	ac	Agent — the doer	kṛt affix 'ac' -> -a; agent / action -a | anubandha: cit: final acute accent, antodatta (6.1.163)	c = it ; → -a	Apte-SH(affix_map.tsv)	a#} pain, derived from {#cukva#} with {#BAve ac#} af
15356	cumbana	cumbana					BAve	action / abstract (bhāve)	lyuṭ	lyuw	Action / result noun	kṛt affix 'lyuṭ' -> -ana; action / instrument noun | anubandha: lit: acute on the vowel just before the it-letter (6.1.193); indicatory u: distinguishes the affix; conditions i.t in some forms; tit (.t): feminine is formed with nip -i (4.1.15)	l = it ; ṭ = it ; yu → ana (P.7.1.1) ; → -ana	Apte-SH(affix_map.tsv)	2. A kiss. E. {#cuvi#} to kiss, affix {#BAve lyuw#}.
15367	culumpa	culumpa					BAve	action / abstract (bhāve)	ghañ	GaY	Action / result noun	kṛt affix 'ghañ' -> -a; action/result noun (bhāva, vṛddhi) | anubandha: git: treated as nit -> blocks guna/vrddhi (1.1.5); nit (n~): causes adi-vrddhi of the base (7.2.117) and svarita/ubhayapada	gh = it (initial) ; ñ = it (→ vṛddhi) ; → -a	Apte-SH(affix_map.tsv)	}) A she goat. E. {#culumpa#} to cut, {#BAve GaY#} an
15390	cūrṇa	cUrRa					BAve	action / abstract (bhāve)	ac	ac	Agent — the doer	kṛt affix 'ac' -> -a; agent / action -a | anubandha: cit: final acute accent, antodatta (6.1.163)	c = it ; → -a	Apte-SH(affix_map.tsv)	R#} to pound, &c. affix. {#karmaRi ac . BAve ac peza
15404	cūrtti	cUrtti					BAve	action / abstract (bhāve)	ktin	ktin	Action / result noun	kṛt affix 'ktin' -> -ti; action noun (fem. -ti) | anubandha: kit: blocks guna/vrddhi of the root vowel (1.1.5 kniti ca); tit: svarita accent on the affix (6.1.185)	k = it ; n = it ; → -ti	Apte-SH(affix_map.tsv)	({#-rttiH#}) Going. E. {#car#} to go, {#BAve ktin#} af
15444	ceṣṭita	cezwita					kartari	agent (kartari)	kta	kta	Participle	kṛt affix 'kta' -> -ta; past passive participle | anubandha: kit: blocks guna/vrddhi of the root vowel (1.1.5 kniti ca); tit: svarita accent on the affix (6.1.185)	k = it (P.1.3.8) ; → surface -ta	Apte-SH(affix_map.tsv)	behaviour. E. {#cezw#} to act, affix {#karttari kta .#}
15583	chādana	CAdana					BAve	action / abstract (bhāve)	lyuṭ	lyuw	Action / result noun	kṛt affix 'lyuṭ' -> -ana; action / instrument noun | anubandha: lit: acute on the vowel just before the it-letter (6.1.193); indicatory u: distinguishes the affix; conditions i.t in some forms; tit (.t): feminine is formed with nip -i (4.1.15)	l = it ; ṭ = it ; yu → ana (P.7.1.1) ; → -ana	Apte-SH(affix_map.tsv)	ix {#lyuw#} and the vowel lengthened. {#BAve lyuw . CA
15583	chādana	CAdana					karaRe	instrument (karaṇe)	lyuṭ	lyuw	Action / result noun	kṛt affix 'lyuṭ' -> -ana; action / instrument noun | anubandha: lit: acute on the vowel just before the it-letter (6.1.193); indicatory u: distinguishes the affix; conditions i.t in some forms; tit (.t): feminine is formed with nip -i (4.1.15)	l = it ; ṭ = it ; yu → ana (P.7.1.1) ; → -ana	Apte-SH(affix_map.tsv)	owel lengthened. {#BAve lyuw . CAdane . karaRe lyuw patr
15583	chādana	CAdana					kartari	agent (kartari)	lyu	lyu	Other	uncurated affix 'lyu' | it-letters: lit: acute on the vowel just before the it-letter (6.1.193); indicatory u: distinguishes the affix; conditions i.t in some forms		generic-decoder	Ave lyuw . CAdane . karaRe lyuw patre . karttari lyu CAda
15604	chitti	Citti					kartari	agent (kartari)	ktic	ktic	Other	uncurated affix 'ktic' | it-letters: kit: blocks guna/vrddhi of the root vowel (1.1.5 kniti ca); tit: svarita accent on the affix (6.1.185); cit: final acute accent, antodatta (6.1.163)		generic-decoder	{#karaja#}. E. {#Cid#} to cut, affix {#karttari ktic#}.
15610	chidā	CidA					BAve	action / abstract (bhāve)	aṅ	aN	Other	uncurated affix 'aṅ' | it-letters: nit: blocks guna/vrddhi of the root vowel (1.1.5 kniti ca)		generic-decoder	viding. E. {#Cida#} as above, affixes {#BAve aN#} an
15641	chupa	Cupa					kartari	agent (kartari)	ka	ka	Other	taddhita/kṛt affix 'ka' -> -ka; -ka | anubandha: kit: blocks guna/vrddhi of the root vowel (1.1.5 kniti ca)	→ -ka	Apte-SH(affix_map.tsv)	r, combat. E. {#Cup#} to touch, affix {#karttari ka, GaY
15655	cheda	Ceda					BAve	action / abstract (bhāve)	ghañ	GaY	Action / result noun	kṛt affix 'ghañ' -> -a; action/result noun (bhāva, vṛddhi) | anubandha: git: treated as nit -> blocks guna/vrddhi (1.1.5); nit (n~): causes adi-vrddhi of the base (7.2.117) and svarita/ubhayapada	gh = it (initial) ; ñ = it (→ vṛddhi) ; → -a	Apte-SH(affix_map.tsv)	The divisor. E. {#Cid#} to cut, affix {#BAve GaY#}, o
15657	chedana	Cedana					BAve	action / abstract (bhāve)	lyuṭ	lyuw	Action / result noun	kṛt affix 'lyuṭ' -> -ana; action / instrument noun | anubandha: lit: acute on the vowel just before the it-letter (6.1.193); indicatory u: distinguishes the affix; conditions i.t in some forms; tit (.t): feminine is formed with nip -i (4.1.15)	l = it ; ṭ = it ; yu → ana (P.7.1.1) ; → -ana	Apte-SH(affix_map.tsv)	, a portion. E. {#Cid#} to cut, affix {#BAve lyuw#}.
15676	jakṣaṇa	jakzaRa					BAve	action / abstract (bhāve)	lyuṭ	lyuw	Action / result noun	kṛt affix 'lyuṭ' -> -ana; action / instrument noun | anubandha: lit: acute on the vowel just before the it-letter (6.1.193); indicatory u: distinguishes the affix; conditions i.t in some forms; tit (.t): feminine is formed with nip -i (4.1.15)	l = it ; ṭ = it ; yu → ana (P.7.1.1) ; → -ana	Apte-SH(affix_map.tsv)	#}) Eating. E. {#jakz#} to eat. affix {#BAve lyuw#}.
15743	jaṅghātrāṇa	jaNGAtrARa	trai	trE	local		karaRe	instrument (karaṇe)	lyuṭ	lyuw	Action / result noun	kṛt affix 'lyuṭ' -> -ana; action / instrument noun | anubandha: lit: acute on the vowel just before the it-letter (6.1.193); indicatory u: distinguishes the affix; conditions i.t in some forms; tit (.t): feminine is formed with nip -i (4.1.15)	l = it ; ṭ = it ; yu → ana (P.7.1.1) ; → -ana	Apte-SH(affix_map.tsv)	} what pre- serves. {#trAyate anena trE karaRe lyuw . ja
15775	janana	janana					BAve	action / abstract (bhāve)	lyuṭ	lyuw	Action / result noun	kṛt affix 'lyuṭ' -> -ana; action / instrument noun | anubandha: lit: acute on the vowel just before the it-letter (6.1.193); indicatory u: distinguishes the affix; conditions i.t in some forms; tit (.t): feminine is formed with nip -i (4.1.15)	l = it ; ṭ = it ; yu → ana (P.7.1.1) ; → -ana	Apte-SH(affix_map.tsv)	E. {#jan#} to bear or be born, affix {#BAve lyuw#}, a
15795	janārdana	janArdana					kartari	agent (kartari)	lyuṭ	lyuw	Action / result noun	kṛt affix 'lyuṭ' -> -ana; action / instrument noun | anubandha: lit: acute on the vowel just before the it-letter (6.1.193); indicatory u: distinguishes the affix; conditions i.t in some forms; tit (.t): feminine is formed with nip -i (4.1.15)	l = it ; ṭ = it ; yu → ana (P.7.1.1) ; → -ana	Apte-SH(affix_map.tsv)	dravAsinaH asuraBe-#} {#dAn ardayati vA karttari lyuw .#}
15798	jani	jani					BAve	action / abstract (bhāve)	in	in	Possessive — “having X”	taddhita affix 'in' -> -in; possessive '-in' ('having') | anubandha: matvartha (possessive) affix		WIL	#} to be born or to bear, Uṇādi affix {#BAve in#}, a
15805	janiman	janiman					BAve	action / abstract (bhāve)	manin	manin	Uṇādi formation	uṇādi affix 'manin' -> -man; Uṇādi noun ('-man') | anubandha: n indicatory; Uṇādi affix		WIL	engenderment. E. {#jan#} to be born, {#BAve manin#} Uṇ
15835	janya	janya					kartari	agent (kartari)	yat	yat	Gerundive — “to-be-Xed”	kṛt affix 'yat' -> -ya; gerundive -ya | anubandha: tit: svarita accent on the affix (6.1.185)	t = it ; → -ya	Apte-SH(affix_map.tsv)	E. {#jana#} to be born, &c. affix {#Ric karttari yat .#}
15838	japa	japa					kartari	agent (kartari)	ac	ac	Agent — the doer	kṛt affix 'ac' -> -a; agent / action -a | anubandha: cit: final acute accent, antodatta (6.1.163)	c = it ; → -a	Apte-SH(affix_map.tsv)	E. {#jap#} to repeat inaudibly, affix {#karttari ac#}; t
15840	japana	japana					BAve	action / abstract (bhāve)	lyuṭ	lyuw	Action / result noun	kṛt affix 'lyuṭ' -> -ana; action / instrument noun | anubandha: lit: acute on the vowel just before the it-letter (6.1.193); indicatory u: distinguishes the affix; conditions i.t in some forms; tit (.t): feminine is formed with nip -i (4.1.15)	l = it ; ṭ = it ; yu → ana (P.7.1.1) ; → -ana	Apte-SH(affix_map.tsv)	the last. E. {#jap#} as before, affix {#BAve lyuw .#}
15866	jambha	jamBa					karaRe	instrument (karaṇe)	ghañ	GaY	Action / result noun	kṛt affix 'ghañ' -> -a; action/result noun (bhāva, vṛddhi) | anubandha: git: treated as nit -> blocks guna/vrddhi (1.1.5); nit (n~): causes adi-vrddhi of the base (7.2.117) and svarita/ubhayapada	gh = it (initial) ; ñ = it (→ vṛddhi) ; → -a	Apte-SH(affix_map.tsv)	y, affix {#ac#} and {#num . dEtyaBede . karaRe GaY dant
15866	jambha	jamBa					BAve	action / abstract (bhāve)	ghañ	GaY	Action / result noun	kṛt affix 'ghañ' -> -a; action/result noun (bhāva, vṛddhi) | anubandha: git: treated as nit -> blocks guna/vrddhi (1.1.5); nit (n~): causes adi-vrddhi of the base (7.2.117) and svarita/ubhayapada	gh = it (initial) ; ñ = it (→ vṛddhi) ; → -a	Apte-SH(affix_map.tsv)	e GaY dante . karmaRi GaY jambIre .#} {#BAve GaY Bakz
15875	jaya	jaya					BAve	action / abstract (bhāve)	ac	ac	Agent — the doer	kṛt affix 'ac' -> -a; agent / action -a | anubandha: cit: final acute accent, antodatta (6.1.163)	c = it ; → -a	Apte-SH(affix_map.tsv)	. {#ji#} to conquer or excel, affixes {#BAve ac#} an
15882	jayana	jayana					karaRe	instrument (karaṇe)	lyuṭ	lyuw	Action / result noun	kṛt affix 'lyuṭ' -> -ana; action / instrument noun | anubandha: lit: acute on the vowel just before the it-letter (6.1.193); indicatory u: distinguishes the affix; conditions i.t in some forms; tit (.t): feminine is formed with nip -i (4.1.15)	l = it ; ṭ = it ; yu → ana (P.7.1.1) ; → -ana	Apte-SH(affix_map.tsv)	. {#ji#} to conquer or excel, affixes {#karaRe lyuw#} an
15882	jayana	jayana					BAve	action / abstract (bhāve)	lyuṭ	lyuw	Action / result noun	kṛt affix 'lyuṭ' -> -ana; action / instrument noun | anubandha: lit: acute on the vowel just before the it-letter (6.1.193); indicatory u: distinguishes the affix; conditions i.t in some forms; tit (.t): feminine is formed with nip -i (4.1.15)	l = it ; ṭ = it ; yu → ana (P.7.1.1) ; → -ana	Apte-SH(affix_map.tsv)	raRe lyuw#} and {#NIz . hayAdisannAhe . BAve lyuw jaye
16078	jalāvartta	jalAvartta					BAve	action / abstract (bhāve)	ac	ac	Agent — the doer	kṛt affix 'ac' -> -a; agent / action -a | anubandha: cit: final acute accent, antodatta (6.1.163)	c = it ; → -a	Apte-SH(affix_map.tsv)	vartta#} turn- ing round. {#A + vft-Ric BAve ac uta0
16109	jalpana	jalpana					BAve	action / abstract (bhāve)	lyuṭ	lyuw	Action / result noun	kṛt affix 'lyuṭ' -> -ana; action / instrument noun | anubandha: lit: acute on the vowel just before the it-letter (6.1.193); indicatory u: distinguishes the affix; conditions i.t in some forms; tit (.t): feminine is formed with nip -i (4.1.15)	l = it ; ṭ = it ; yu → ana (P.7.1.1) ; → -ana	Apte-SH(affix_map.tsv)	ttering, prattling. E. {#jalpa#}, and {#BAve lyuw#} af
16113	java	java					BAve	action / abstract (bhāve)	ap	ap	Agent — the doer	kṛt affix 'ap' -> -a; action / agent noun | anubandha: p = pit -> anudātta affix (3.1.4)		WIL	{#japA#}. E. {#ju#} to move quickly, {#BAve ap .#}
16116	javanikā	javanikA	ju	ju	local		karaRe	instrument (karaṇe)	lyuṭ	lyuw	Action / result noun	kṛt affix 'lyuṭ' -> -ana; action / instrument noun | anubandha: lit: acute on the vowel just before the it-letter (6.1.193); indicatory u: distinguishes the affix; conditions i.t in some forms; tit (.t): feminine is formed with nip -i (4.1.15)	l = it ; ṭ = it ; yu → ana (P.7.1.1) ; → -ana	Apte-SH(affix_map.tsv)	ral. E. {#kan#} added to {#javani sO-ju karaRe lyuw saMj
16133	jāgara	jAgara					BAve	action / abstract (bhāve)	ghañ	GaY	Action / result noun	kṛt affix 'ghañ' -> -a; action/result noun (bhāva, vṛddhi) | anubandha: git: treated as nit -> blocks guna/vrddhi (1.1.5); nit (n~): causes adi-vrddhi of the base (7.2.117) and svarita/ubhayapada	gh = it (initial) ; ñ = it (→ vṛddhi) ; → -a	Apte-SH(affix_map.tsv)	l, armour. E. {#jAgf#} to wake, affix {#BAve GaY guRa
16138	jāgartti	jAgartti					BAve	action / abstract (bhāve)	ktin	ktin	Action / result noun	kṛt affix 'ktin' -> -ti; action noun (fem. -ti) | anubandha: kit: blocks guna/vrddhi of the root vowel (1.1.5 kniti ca); tit: svarita accent on the affix (6.1.185)	k = it ; n = it ; → -ti	Apte-SH(affix_map.tsv)	. Keeping watch. E. {#jAgf#} to wake, {#BAve ktin#} af
16139	jāgaryyā	jAgaryyA					BAve	action / abstract (bhāve)	kyap	kyap	Participle	kṛt affix 'kyap' -> -ya; future passive participle / gerundive | anubandha: k = kit -> no guṇa; p = pit -> anudātta		WIL	king, watching. E. {#jAgf#} as above, {#BAve kyap#} af
16207	jāpana	jApana					BAve	action / abstract (bhāve)	lyuṭ	lyuw	Action / result noun	kṛt affix 'lyuṭ' -> -ana; action / instrument noun | anubandha: lit: acute on the vowel just before the it-letter (6.1.193); indicatory u: distinguishes the affix; conditions i.t in some forms; tit (.t): feminine is formed with nip -i (4.1.15)	l = it ; ṭ = it ; yu → ana (P.7.1.1) ; → -ana	Apte-SH(affix_map.tsv)	ing. E. {#jap#} to speak, causal form {#BAve lyuw#} af
16229	jāra	jAra					karaRe	instrument (karaṇe)	ghañ	GaY	Action / result noun	kṛt affix 'ghañ' -> -a; action/result noun (bhāva, vṛddhi) | anubandha: git: treated as nit -> blocks guna/vrddhi (1.1.5); nit (n~): causes adi-vrddhi of the base (7.2.117) and svarita/ubhayapada	gh = it (initial) ; ñ = it (→ vṛddhi) ; → -a	Apte-SH(affix_map.tsv)	medicament. E. {#jF#} to grow infirm, {#karaRe GaY#} af
16371	jīvana	jIvana					BAve	action / abstract (bhāve)	lyuṭ	lyuw	Action / result noun	kṛt affix 'lyuṭ' -> -ana; action / instrument noun | anubandha: lit: acute on the vowel just before the it-letter (6.1.193); indicatory u: distinguishes the affix; conditions i.t in some forms; tit (.t): feminine is formed with nip -i (4.1.15)	l = it ; ṭ = it ; yu → ana (P.7.1.1) ; → -ana	Apte-SH(affix_map.tsv)	live, affix {#lyu#} or {#karaRe#} {#vA BAve lyuw#}.{#
16404	jīvita	jIvita					BAve	action / abstract (bhāve)	kta	kta	Participle	kṛt affix 'kta' -> -ta; past passive participle | anubandha: kit: blocks guna/vrddhi of the root vowel (1.1.5 kniti ca); tit: svarita accent on the affix (6.1.185)	k = it (P.1.3.8) ; → surface -ta	Apte-SH(affix_map.tsv)	, life, exist- ence. E. {#jIva#}, and {#BAve kta#} af
16442	jūti	jUti					BAve	action / abstract (bhāve)	ktin	ktin	Action / result noun	kṛt affix 'ktin' -> -ti; action noun (fem. -ti) | anubandha: kit: blocks guna/vrddhi of the root vowel (1.1.5 kniti ca); tit: svarita accent on the affix (6.1.185)	k = it ; n = it ; → -ti	Apte-SH(affix_map.tsv)	oving. E. {#ju#} to go swiftly, affix {#BAve ktin#}, d
16446	jūrtti	jUrtti	ūṭh	UW	local		BAve	action / abstract (bhāve)	ktin	ktin	Action / result noun	kṛt affix 'ktin' -> -ti; action noun (fem. -ti) | anubandha: kit: blocks guna/vrddhi of the root vowel (1.1.5 kniti ca); tit: svarita accent on the affix (6.1.185)	k = it ; n = it ; → -ti	Apte-SH(affix_map.tsv)	heat. E. {#jvar#} to be feverish, {#UW BAve ktin#} af
16453	jṛmbha	jfmBa					BAve	action / abstract (bhāve)	ghañ	GaY	Action / result noun	kṛt affix 'ghañ' -> -a; action/result noun (bhāva, vṛddhi) | anubandha: git: treated as nit -> blocks guna/vrddhi (1.1.5); nit (n~): causes adi-vrddhi of the base (7.2.117) and svarita/ubhayapada	gh = it (initial) ; ñ = it (→ vṛddhi) ; → -a	Apte-SH(affix_map.tsv)	lossoming. E. {#jfBi#} to gape, affix {#BAve GaY#}.
16455	jṛmbhaṇa	jfmBaRa					BAve	action / abstract (bhāve)	lyuṭ	lyuw	Action / result noun	kṛt affix 'lyuṭ' -> -ana; action / instrument noun | anubandha: lit: acute on the vowel just before the it-letter (6.1.193); indicatory u: distinguishes the affix; conditions i.t in some forms; tit (.t): feminine is formed with nip -i (4.1.15)	l = it ; ṭ = it ; yu → ana (P.7.1.1) ; → -ana	Apte-SH(affix_map.tsv)	. Blowing. E. {#jfBi#} to yawn, affix {#BAve lyuw#}.
16465	jemana	jemana					BAve	action / abstract (bhāve)	lyuṭ	lyuw	Action / result noun	kṛt affix 'lyuṭ' -> -ana; action / instrument noun | anubandha: lit: acute on the vowel just before the it-letter (6.1.193); indicatory u: distinguishes the affix; conditions i.t in some forms; tit (.t): feminine is formed with nip -i (4.1.15)	l = it ; ṭ = it ; yu → ana (P.7.1.1) ; → -ana	Apte-SH(affix_map.tsv)	. 2. Eating. E. {#jim#} to eat, affix {#BAve lyuw#}.
16482	joṣa	joza					BAve	action / abstract (bhāve)	ghañ	GaY	Action / result noun	kṛt affix 'ghañ' -> -a; action/result noun (bhāva, vṛddhi) | anubandha: git: treated as nit -> blocks guna/vrddhi (1.1.5); nit (n~): causes adi-vrddhi of the base (7.2.117) and svarita/ubhayapada	gh = it (initial) ; ñ = it (→ vṛddhi) ; → -a	Apte-SH(affix_map.tsv)	A#}, &c. E. {#juz#} to delight, affix {#BAve GaY#} fe
16492	jñapti	jYapti					BAve	action / abstract (bhāve)	ktin	ktin	Action / result noun	kṛt affix 'ktin' -> -ti; action noun (fem. -ti) | anubandha: kit: blocks guna/vrddhi of the root vowel (1.1.5 kniti ca); tit: svarita accent on the affix (6.1.185)	k = it ; n = it ; → -ti	Apte-SH(affix_map.tsv)	lty. E. {#jYap#} to make known, affix {#BAve ktin#}, d
16504	jñāna	jYAna					BAve	action / abstract (bhāve)	lyuṭ	lyuw	Action / result noun	kṛt affix 'lyuṭ' -> -ana; action / instrument noun | anubandha: lit: acute on the vowel just before the it-letter (6.1.193); indicatory u: distinguishes the affix; conditions i.t in some forms; tit (.t): feminine is formed with nip -i (4.1.15)	l = it ; ṭ = it ; yu → ana (P.7.1.1) ; → -ana	Apte-SH(affix_map.tsv)	5. Learning. E. {#jYA#} to know, aff. {#BAve lyuw#}.
16523	jñānendriya	jYAnendriya	jñā	jYA	local		karaRe	instrument (karaṇe)	lyuṭ	lyuw	Action / result noun	kṛt affix 'lyuṭ' -> -ana; action / instrument noun | anubandha: lit: acute on the vowel just before the it-letter (6.1.193); indicatory u: distinguishes the affix; conditions i.t in some forms; tit (.t): feminine is formed with nip -i (4.1.15)	l = it ; ṭ = it ; yu → ana (P.7.1.1) ; → -ana	Apte-SH(affix_map.tsv)	indriya#} an organ. {#jYAyate anena jYA-karaRe lyuw . jY
16658	jhāmara	JAmara					BAve	action / abstract (bhāve)	ghañ	GaY	Action / result noun	kṛt affix 'ghañ' -> -a; action/result noun (bhāva, vṛddhi) | anubandha: git: treated as nit -> blocks guna/vrddhi (1.1.5); nit (n~): causes adi-vrddhi of the base (7.2.117) and svarita/ubhayapada	gh = it (initial) ; ñ = it (→ vṛddhi) ; → -a	Apte-SH(affix_map.tsv)	ring away, from {#Jam#} to eat, affix {#BAve GaY#}, a
16719	ṭīkā	wIkA					karaRe	instrument (karaṇe)	ghañ	GaY	Action / result noun	kṛt affix 'ghañ' -> -a; action/result noun (bhāva, vṛddhi) | anubandha: git: treated as nit -> blocks guna/vrddhi (1.1.5); nit (n~): causes adi-vrddhi of the base (7.2.117) and svarita/ubhayapada	gh = it (initial) ; ñ = it (→ vṛddhi) ; → -a	Apte-SH(affix_map.tsv)	wIkyate mamyate granTArTI'nayA wIka#} {#karaRe GaY GaYa
16838	takṣaṇa	takzaRa					BAve	action / abstract (bhāve)	lyuṭ	lyuw	Action / result noun	kṛt affix 'lyuṭ' -> -ana; action / instrument noun | anubandha: lit: acute on the vowel just before the it-letter (6.1.193); indicatory u: distinguishes the affix; conditions i.t in some forms; tit (.t): feminine is formed with nip -i (4.1.15)	l = it ; ṭ = it ; yu → ana (P.7.1.1) ; → -ana	Apte-SH(affix_map.tsv)	E. {#takz#} to plane or pare, affixes {#BAve lyuw#} an
17011	tapana	tapana					BAve	action / abstract (bhāve)	lyu	lyu	Other	uncurated affix 'lyu' | it-letters: lit: acute on the vowel just before the it-letter (6.1.193); indicatory u: distinguishes the affix; conditions i.t in some forms		generic-decoder	river. E. {#tap#} to inflame, affixes {#BAve lyu#} an
17089	tara	tara					BAve	action / abstract (bhāve)	ap	ap	Agent — the doer	kṛt affix 'ap' -> -a; action / agent noun | anubandha: p = pit -> anudātta affix (3.1.4)		WIL	#tF#} [Page306-a+ 60] to cross, affix {#BAve ap#}, f
17089	tara	tara					kartari	agent (kartari)	ac	ac	Agent — the doer	kṛt affix 'ac' -> -a; agent / action -a | anubandha: cit: final acute accent, antodatta (6.1.163)	c = it ; → -a	Apte-SH(affix_map.tsv)	lso with {#in#} affix {#tari#}, q. v. {#karttari ac . kf
17089	tara	tara					karaRe	instrument (karaṇe)	ap	ap	Agent — the doer	kṛt affix 'ap' -> -a; action / agent noun | anubandha: p = pit -> anudātta affix (3.1.4)		WIL	{#karttari ac . kfSAnO pu0 tarati anena karaRe ap . At
17152	tarka	tarka					BAve	action / abstract (bhāve)	ac	ac	Agent — the doer	kṛt affix 'ac' -> -a; agent / action -a | anubandha: cit: final acute accent, antodatta (6.1.163)	c = it ; → -a	Apte-SH(affix_map.tsv)	arka#} to infer, to reason, &c. affix {#BAve ac#}.
17170	tarjana	tarjana					BAve	action / abstract (bhāve)	lyuṭ	lyuw	Action / result noun	kṛt affix 'lyuṭ' -> -ana; action / instrument noun | anubandha: lit: acute on the vowel just before the it-letter (6.1.193); indicatory u: distinguishes the affix; conditions i.t in some forms; tit (.t): feminine is formed with nip -i (4.1.15)	l = it ; ṭ = it ; yu → ana (P.7.1.1) ; → -ana	Apte-SH(affix_map.tsv)	{#tarj#} to abuse, to injure, affixes {#BAve lyuw#} an
17186	tarṣa	tarza					BAve	action / abstract (bhāve)	ghañ	GaY	Action / result noun	kṛt affix 'ghañ' -> -a; action/result noun (bhāva, vṛddhi) | anubandha: git: treated as nit -> blocks guna/vrddhi (1.1.5); nit (n~): causes adi-vrddhi of the base (7.2.117) and svarita/ubhayapada	gh = it (initial) ; ñ = it (→ vṛddhi) ; → -a	Apte-SH(affix_map.tsv)	The sun. E. {#tfz#} to thirst, affix {#BAve GaY#} or
17187	tarṣaṇa	tarzaRa					BAve	action / abstract (bhāve)	lyuṭ	lyuw	Action / result noun	kṛt affix 'lyuṭ' -> -ana; action / instrument noun | anubandha: lit: acute on the vowel just before the it-letter (6.1.193); indicatory u: distinguishes the affix; conditions i.t in some forms; tit (.t): feminine is formed with nip -i (4.1.15)	l = it ; ṭ = it ; yu → ana (P.7.1.1) ; → -ana	Apte-SH(affix_map.tsv)	orically. E. {#tfz#} to thirst, affix {#BAve lyuw .#}
17211	talpana	talpana					kartari	agent (kartari)	lyu	lyu	Other	uncurated affix 'lyu' | it-letters: lit: acute on the vowel just before the it-letter (6.1.193); indicatory u: distinguishes the affix; conditions i.t in some forms		generic-decoder	a bed, to be broad, &c. {#kvip#} and {#karttari lyu#} af
17229	tāḍa	tAqa					BAve	action / abstract (bhāve)	ac	ac	Agent — the doer	kṛt affix 'ac' -> -a; agent / action -a | anubandha: cit: final acute accent, antodatta (6.1.163)	c = it ; → -a	Apte-SH(affix_map.tsv)	aq#} to give pain, to beat, &c. affix {#BAve ac karm
17235	tāḍana	tAqana					BAve	action / abstract (bhāve)	lyuṭ	lyuw	Action / result noun	kṛt affix 'lyuṭ' -> -ana; action / instrument noun | anubandha: lit: acute on the vowel just before the it-letter (6.1.193); indicatory u: distinguishes the affix; conditions i.t in some forms; tit (.t): feminine is formed with nip -i (4.1.15)	l = it ; ṭ = it ; yu → ana (P.7.1.1) ; → -ana	Apte-SH(affix_map.tsv)	({#-nI#}) A whip. E. {#taq#} to beat, {#BAve lyuw#} af
17272	tāpana	tApana	tāpi	tApi	local		kartari	agent (kartari)	lyu	lyu	Other	uncurated affix 'lyu' | it-letters: lit: acute on the vowel just before the it-letter (6.1.193); indicatory u: distinguishes the affix; conditions i.t in some forms		generic-decoder	} and {#BAve#} {#lyuw#} affs. or {#tApi-karttari lyu . sU
17416	tikta	tikta					kartari	agent (kartari)	kta	kta	Participle	kṛt affix 'kta' -> -ta; past passive participle | anubandha: kit: blocks guna/vrddhi of the root vowel (1.1.5 kniti ca); tit: svarita accent on the affix (6.1.185)	k = it (P.1.3.8) ; → surface -ta	Apte-SH(affix_map.tsv)	j#} to sharpen, (the appetite,) affix {#karttari kta .#}
17470	timita	timita					kartari	agent (kartari)	kta	kta	Participle	kṛt affix 'kta' -> -ta; past passive participle | anubandha: kit: blocks guna/vrddhi of the root vowel (1.1.5 kniti ca); tit: svarita accent on the affix (6.1.185)	k = it (P.1.3.8) ; → surface -ta	Apte-SH(affix_map.tsv)	. E. {#tim#} to be wet or damp, affix {#karttari kta#}.
17477	tiraskāra	tiraskAra	kṛ	kf	local		BAve	action / abstract (bhāve)	ghañ	GaY	Action / result noun	kṛt affix 'ghañ' -> -a; action/result noun (bhāva, vṛddhi) | anubandha: git: treated as nit -> blocks guna/vrddhi (1.1.5); nit (n~): causes adi-vrddhi of the base (7.2.117) and svarita/ubhayapada	gh = it (initial) ; ñ = it (→ vṛddhi) ; → -a	Apte-SH(affix_map.tsv)	pect, and {#kAra#} making. {#tiras + kf-BAve GaY .#}
17477	tiraskāra	tiraskAra					kartari	agent (kartari)	aṇ	aR	Relational / patronymic	taddhita affix 'aṇ' -> -a; patronymic / relational (vṛddhi) | anubandha: nit (.n): causes vrddhi of the base vowel (7.2.115-117)	ṇ = it (→ vṛddhi) ; → -a	Apte-SH(affix_map.tsv)	a#} making. {#tiras + kf-BAve GaY .#} {#karttari aR avaj
17479	tiraskriyā	tiraskriyA					BAve	action / abstract (bhāve)	śa	Sa	Other	uncurated affix 'śa' | it-letters: sit (z): marks a sarvadhatuka / sit krt (3.4.113)		generic-decoder	and {#kriyA#} action. {#tiras + kf-#} {#BAve Sa .#}
17485	tirodhāna	tiroDAna					BAve	action / abstract (bhāve)	lyuṭ	lyuw	Action / result noun	kṛt affix 'lyuṭ' -> -ana; action / instrument noun | anubandha: lit: acute on the vowel just before the it-letter (6.1.193); indicatory u: distinguishes the affix; conditions i.t in some forms; tit (.t): feminine is formed with nip -i (4.1.15)	l = it ; ṭ = it ; yu → ana (P.7.1.1) ; → -ana	Apte-SH(affix_map.tsv)	{#DAna#} having or holding. {#tira + DA-BAve lyuw .#}
17626	tunnasevanī	tunnasevanI	siva	siva	local		karaRe	instrument (karaṇe)	lyuṭ	lyuw	Action / result noun	kṛt affix 'lyuṭ' -> -ana; action / instrument noun | anubandha: lit: acute on the vowel just before the it-letter (6.1.193); indicatory u: distinguishes the affix; conditions i.t in some forms; tit (.t): feminine is formed with nip -i (4.1.15)	l = it ; ṭ = it ; yu → ana (P.7.1.1) ; → -ana	Apte-SH(affix_map.tsv)	{#tunnaM#} {#CinnaM sIvyate anayA siva-karaRe lyuw NIz
17715	tuṣṭa	tuzwa					kartari	agent (kartari)	kta	kta	Participle	kṛt affix 'kta' -> -ta; past passive participle | anubandha: kit: blocks guna/vrddhi of the root vowel (1.1.5 kniti ca); tit: svarita accent on the affix (6.1.185)	k = it (P.1.3.8) ; → surface -ta	Apte-SH(affix_map.tsv)	satisfied. E. {#tuz#} to be pleased, {#karttari kta#}.{#
17716	tuṣṭi	tuzwi					BAve	action / abstract (bhāve)	ktin	ktin	Action / result noun	kṛt affix 'ktin' -> -ti; action noun (fem. -ti) | anubandha: kit: blocks guna/vrddhi of the root vowel (1.1.5 kniti ca); tit: svarita accent on the affix (6.1.185)	k = it ; n = it ; → -ti	Apte-SH(affix_map.tsv)	tris. E. {#tuz#} to please, &c. affix {#BAve ktin#}.
17898	totra	totra					karaRe	instrument (karaṇe)	ṣṭran	zwran	Other	uncurated affix 'ṣṭran' | it-letters: sit (.s): feminine is formed with nis -i (4.1.41); tit (.t): feminine is formed with nip -i (4.1.15)		generic-decoder	A goad or pike for driving cattle. E. {#karaRe zwran#}; a
17900	toda	toda					BAve	action / abstract (bhāve)	ghañ	GaY	Action / result noun	kṛt affix 'ghañ' -> -a; action/result noun (bhāva, vṛddhi) | anubandha: git: treated as nit -> blocks guna/vrddhi (1.1.5); nit (n~): causes adi-vrddhi of the base (7.2.117) and svarita/ubhayapada	gh = it (initial) ; ñ = it (→ vṛddhi) ; → -a	Apte-SH(affix_map.tsv)	E. {#tud#} to teaze or torment, affix {#BAve GaY#}.
17901	todana	todana					karaRe	instrument (karaṇe)	lyuṭ	lyuw	Action / result noun	kṛt affix 'lyuṭ' -> -ana; action / instrument noun | anubandha: lit: acute on the vowel just before the it-letter (6.1.193); indicatory u: distinguishes the affix; conditions i.t in some forms; tit (.t): feminine is formed with nip -i (4.1.15)	l = it ; ṭ = it ; yu → ana (P.7.1.1) ; → -ana	Apte-SH(affix_map.tsv)	e, &c. E. {#tud#} to give pain, affix {#karaRe lyuw .#}
17902	tomara	tomara					karaRe	instrument (karaṇe)	ac	ac	Agent — the doer	kṛt affix 'ac' -> -a; agent / action -a | anubandha: cit: final acute accent, antodatta (6.1.163)	c = it ; → -a	Apte-SH(affix_map.tsv)	t which injures, {#mf#} to die, affix {#karaRe ac#}, a
17950	tyāga	tyAga					BAve	action / abstract (bhāve)	ghañ	GaY	Action / result noun	kṛt affix 'ghañ' -> -a; action/result noun (bhāva, vṛddhi) | anubandha: git: treated as nit -> blocks guna/vrddhi (1.1.5); nit (n~): causes adi-vrddhi of the base (7.2.117) and svarita/ubhayapada	gh = it (initial) ; ñ = it (→ vṛddhi) ; → -a	Apte-SH(affix_map.tsv)	dly thoughts. E. {#tyaj#} to abandon, {#BAve GaY#} af
17963	trapa	trapa					BAve	action / abstract (bhāve)	aṅ	aN	Other	uncurated affix 'aṅ' | it-letters: nit: blocks guna/vrddhi of the root vowel (1.1.5 kniti ca)		generic-decoder	rity. E. {#trap#} to be modest, affix {#BAve aN#}, f
18003	trāsa	trAsa					BAve	action / abstract (bhāve)	ghañ	GaY	Action / result noun	kṛt affix 'ghañ' -> -a; action/result noun (bhāva, vṛddhi) | anubandha: git: treated as nit -> blocks guna/vrddhi (1.1.5); nit (n~): causes adi-vrddhi of the base (7.2.117) and svarita/ubhayapada	gh = it (initial) ; ñ = it (→ vṛddhi) ; → -a	Apte-SH(affix_map.tsv)	n a jewel. E. {#tras#} to fear, affix {#BAve GaY .#}
18300	daṃśana	daMSana					BAve	action / abstract (bhāve)	lyuṭ	lyuw	Action / result noun	kṛt affix 'lyuṭ' -> -ana; action / instrument noun | anubandha: lit: acute on the vowel just before the it-letter (6.1.193); indicatory u: distinguishes the affix; conditions i.t in some forms; tit (.t): feminine is formed with nip -i (4.1.15)	l = it ; ṭ = it ; yu → ana (P.7.1.1) ; → -ana	Apte-SH(affix_map.tsv)	rmour, mail. E. {#daMS#} to bite, &c. {#BAve lyuw#} af
18432	dadana	dadana					BAve	action / abstract (bhāve)	lyuṭ	lyuw	Action / result noun	kṛt affix 'lyuṭ' -> -ana; action / instrument noun | anubandha: lit: acute on the vowel just before the it-letter (6.1.193); indicatory u: distinguishes the affix; conditions i.t in some forms; tit (.t): feminine is formed with nip -i (4.1.15)	l = it ; ṭ = it ; yu → ana (P.7.1.1) ; → -ana	Apte-SH(affix_map.tsv)	donation. E. {#dada#} to give, affix {#BAve lyuw .#}
18490	dantapavana	dantapavana	pū	pU	local		karaRe	instrument (karaṇe)	lyuṭ	lyuw	Action / result noun	kṛt affix 'lyuṭ' -> -ana; action / instrument noun | anubandha: lit: acute on the vowel just before the it-letter (6.1.193); indicatory u: distinguishes the affix; conditions i.t in some forms; tit (.t): feminine is formed with nip -i (4.1.15)	l = it ; ṭ = it ; yu → ana (P.7.1.1) ; → -ana	Apte-SH(affix_map.tsv)	a#} purifying. {#dantaM punAti anena pU karaRe lyuw .#}
18533	dama	dama					BAve	action / abstract (bhāve)	ghañ	GaY	Action / result noun	kṛt affix 'ghañ' -> -a; action/result noun (bhāva, vṛddhi) | anubandha: git: treated as nit -> blocks guna/vrddhi (1.1.5); nit (n~): causes adi-vrddhi of the base (7.2.117) and svarita/ubhayapada	gh = it (initial) ; ñ = it (→ vṛddhi) ; → -a	Apte-SH(affix_map.tsv)	. E. {#dam#} to tame or subdue, affix {#BAve GaY .#}
18539	damana	damana					BAve	action / abstract (bhāve)	lyuṭ	lyuw	Action / result noun	kṛt affix 'lyuṭ' -> -ana; action / instrument noun | anubandha: lit: acute on the vowel just before the it-letter (6.1.193); indicatory u: distinguishes the affix; conditions i.t in some forms; tit (.t): feminine is formed with nip -i (4.1.15)	l = it ; ṭ = it ; yu → ana (P.7.1.1) ; → -ana	Apte-SH(affix_map.tsv)	Taming, subduing. E. {#dam#} to tame, {#BAve lyuw#} af
18567	dara	dara					BAve	action / abstract (bhāve)	ap	ap	Agent — the doer	kṛt affix 'ap' -> -a; action / agent noun | anubandha: p = pit -> anudātta affix (3.1.4)		WIL	{#dF#} to divide, to dread, &c. affix {#BAve ap .#}
18594	darpa	darpa					BAve	action / abstract (bhāve)	ghañ	GaY	Action / result noun	kṛt affix 'ghañ' -> -a; action/result noun (bhāva, vṛddhi) | anubandha: git: treated as nit -> blocks guna/vrddhi (1.1.5); nit (n~): causes adi-vrddhi of the base (7.2.117) and svarita/ubhayapada	gh = it (initial) ; ñ = it (→ vṛddhi) ; → -a	Apte-SH(affix_map.tsv)	#dfp#} to be proud, to inflame, affix {#BAve GaY, kar
18594	darpa	darpa					kartari	agent (kartari)	ac	ac	Agent — the doer	kṛt affix 'ac' -> -a; agent / action -a | anubandha: cit: final acute accent, antodatta (6.1.163)	c = it ; → -a	Apte-SH(affix_map.tsv)	be proud, to inflame, affix {#BAve GaY, karttari ac vA .
18631	dalana	dalana					karaRe	instrument (karaṇe)	lyuṭ	lyuw	Action / result noun	kṛt affix 'lyuṭ' -> -ana; action / instrument noun | anubandha: lit: acute on the vowel just before the it-letter (6.1.193); indicatory u: distinguishes the affix; conditions i.t in some forms; tit (.t): feminine is formed with nip -i (4.1.15)	l = it ; ṭ = it ; yu → ana (P.7.1.1) ; → -ana	Apte-SH(affix_map.tsv)	or mould. E. {#dal#} to divide, affix {#karaRe lyuw .#}
18756	dāḍima	dAqima					BAve	action / abstract (bhāve)	ghañ	GaY	Action / result noun	kṛt affix 'ghañ' -> -a; action/result noun (bhāva, vṛddhi) | anubandha: git: treated as nit -> blocks guna/vrddhi (1.1.5); nit (n~): causes adi-vrddhi of the base (7.2.117) and svarita/ubhayapada	gh = it (initial) ; ñ = it (→ vṛddhi) ; → -a	Apte-SH(affix_map.tsv)	mall cardamoms. E. {#dal#} to divide, {#BAve GaY dAle
18759	dāḍimabhakṣaṇa	dAqimaBakzaRa	bhakṣa	Bakza	local		BAve	action / abstract (bhāve)	lyuṭ	lyuw	Action / result noun	kṛt affix 'lyuṭ' -> -ana; action / instrument noun | anubandha: lit: acute on the vowel just before the it-letter (6.1.193); indicatory u: distinguishes the affix; conditions i.t in some forms; tit (.t): feminine is formed with nip -i (4.1.15)	l = it ; ṭ = it ; yu → ana (P.7.1.1) ; → -ana	Apte-SH(affix_map.tsv)	yu . SukaKage dAqimaPalaBakzake . Bakza-BAve lyuw#} {#
18768	dāti	dAti					BAve	action / abstract (bhāve)	ktic	ktic	Other	uncurated affix 'ktic' | it-letters: kit: blocks guna/vrddhi of the root vowel (1.1.5 kniti ca); tit: svarita accent on the affix (6.1.185); cit: final acute accent, antodatta (6.1.163)		generic-decoder	utting, destroying. E. {#dA#} to cut, {#BAve ktic#} af
18774	dāda	dAda					BAve	action / abstract (bhāve)	ghañ	GaY	Action / result noun	kṛt affix 'ghañ' -> -a; action/result noun (bhāva, vṛddhi) | anubandha: git: treated as nit -> blocks guna/vrddhi (1.1.5); nit (n~): causes adi-vrddhi of the base (7.2.117) and svarita/ubhayapada	gh = it (initial) ; ñ = it (→ vṛddhi) ; → -a	Apte-SH(affix_map.tsv)	tion. 2. Giving. E. {#dada#} to give, {#BAve GaY#} af
18801	dāpya	dApya					karmaRi	object (karmaṇi)	yat	yat	Gerundive — “to-be-Xed”	kṛt affix 'yat' -> -ya; gerundive -ya | anubandha: tit: svarita accent on the affix (6.1.185)	t = it ; → -ya	Apte-SH(affix_map.tsv)	A#} to give, causal form, {#Ric#} and {#karmmaRi yat#} af
18822	dāra	dAra	dāri	dAri	local		kartari	agent (kartari)	ac	ac	Agent — the doer	kṛt affix 'ac' -> -a; agent / action -a | anubandha: cit: final acute accent, antodatta (6.1.163)	c = it ; → -a	Apte-SH(affix_map.tsv)	so {#dArA . dArayati BrAtFn dF-Ric-dAri karttari ac .#}
18903	dāhaharaṇa	dAhaharaRa					kartari	agent (kartari)	lyu	lyu	Other	uncurated affix 'lyu' | it-letters: lit: acute on the vowel just before the it-letter (6.1.193); indicatory u: distinguishes the affix; conditions i.t in some forms		generic-decoder	#dAho hriyate anena hf-lyuw#} and {#Ric karttari lyu vA .
19030	diṣṭi	dizwi					BAve	action / abstract (bhāve)	ktin	ktin	Action / result noun	kṛt affix 'ktin' -> -ti; action noun (fem. -ti) | anubandha: kit: blocks guna/vrddhi of the root vowel (1.1.5 kniti ca); tit: svarita accent on the affix (6.1.185)	k = it ; n = it ; → -ti	Apte-SH(affix_map.tsv)	asure. E. {#diS#} to point out, affix {#BAve ktin, saM
19030	diṣṭi	dizwi	saṃjñāyāṃ	saMjYAyAM	local		kartari	agent (kartari)	ktic	ktic	Other	uncurated affix 'ktic' | it-letters: kit: blocks guna/vrddhi of the root vowel (1.1.5 kniti ca); tit: svarita accent on the affix (6.1.185); cit: final acute accent, antodatta (6.1.163)		generic-decoder	point out, affix {#BAve ktin, saMjYAyAM karttari ktic vA .
19031	diṣṭyā	dizwyA					BAve	action / abstract (bhāve)	kvip	kvip	Bare root / zero affix	kṛt affix 'kvip' -> -∅; zero affix -> root used directly as a noun | anubandha: k,v,i,p all it -> the whole affix elides (6.1.67)		WIL	inting out, {#stryE#} to sound, affix {#BAve kvip .#}
19040	dīkṣita	dIkzita					kartari	agent (kartari)	kta	kta	Participle	kṛt affix 'kta' -> -ta; past passive participle | anubandha: kit: blocks guna/vrddhi of the root vowel (1.1.5 kniti ca); tit: svarita accent on the affix (6.1.185)	k = it (P.1.3.8) ; → surface -ta	Apte-SH(affix_map.tsv)	a sacrifice or to be initiated, affix {#karttari kta#} or
19243	durāka	durAka	saṃjñāyāṃ	saMjYAyAM	local		kartari	agent (kartari)	ghañ	GaY	Action / result noun	kṛt affix 'ghañ' -> -a; action/result noun (bhāva, vṛddhi) | anubandha: git: treated as nit -> blocks guna/vrddhi (1.1.5); nit (n~): causes adi-vrddhi of the base (7.2.117) and svarita/ubhayapada	gh = it (initial) ; ñ = it (→ vṛddhi) ; → -a	Apte-SH(affix_map.tsv)	E. {#dur#} bad, vile, {#aka + saMjYAyAM karttari GaY .#}
19274	durgata	durgata	gam	gam	local	dur	kartari	agent (kartari)	kta	kta	Participle	kṛt affix 'kta' -> -ta; past passive participle | anubandha: kit: blocks guna/vrddhi of the root vowel (1.1.5 kniti ca); tit: svarita accent on the affix (6.1.185)	k = it (P.1.3.8) ; → surface -ta	Apte-SH(affix_map.tsv)	ill, {#gata#} gone, become. {#dur + gam karttari kta .#}
19286	durgasañcara	durgasaYcara	cara	cara	local	sam	karaRe	instrument (karaṇe)	ap	ap	Agent — the doer	kṛt affix 'ap' -> -a; action / agent noun | anubandha: p = pit -> anudātta affix (3.1.4)		WIL	, durgasaMcAra#} m. {#(-raH) sam + cara karaRe ap .#}
19396	duṣpāna	duzpAna					BAve	action / abstract (bhāve)	yuc	yuc	Agent — the doer	kṛt affix 'yuc' -> -ana; agent / action noun (yu -> ana) | anubandha: c = cit -> final acute accent (6.1.163)		WIL	uHKena pIyate asO KalarTe karmaRi yuc . BAve yuc vA .
19461	dūśya	dUSya					BAve	action / abstract (bhāve)	kvip	kvip	Bare root / zero affix	kṛt affix 'kvip' -> -∅; zero affix -> root used directly as a noun | anubandha: k,v,i,p all it -> the whole affix elides (6.1.67)		WIL	A tent. see {#dUzya . dU-Kede sampadA, BAve kvip tAM
19464	dūṣaṇa	dUzaRa					BAve	action / abstract (bhāve)	lyuṭ	lyuw	Action / result noun	kṛt affix 'lyuṭ' -> -ana; action / instrument noun | anubandha: lit: acute on the vowel just before the it-letter (6.1.193); indicatory u: distinguishes the affix; conditions i.t in some forms; tit (.t): feminine is formed with nip -i (4.1.15)	l = it ; ṭ = it ; yu → ana (P.7.1.1) ; → -ana	Apte-SH(affix_map.tsv)	dUz#} to become vile or wicked. affix {#BAve lyuw .#}
19548	dṛṣṭi	dfzwi					BAve	action / abstract (bhāve)	ktin	ktin	Action / result noun	kṛt affix 'ktin' -> -ti; action noun (fem. -ti) | anubandha: kit: blocks guna/vrddhi of the root vowel (1.1.5 kniti ca); tit: svarita accent on the affix (6.1.185)	k = it ; n = it ; → -ti	Apte-SH(affix_map.tsv)	the stars.) E. {#dfS#} to see, affix {#BAve ktin#}.
19652	devayāna	devayAna	yā	yA	local		karaRe	instrument (karaṇe)	lyuṭ	lyuw	Action / result noun	kṛt affix 'lyuṭ' -> -ana; action / instrument noun | anubandha: lit: acute on the vowel just before the it-letter (6.1.193); indicatory u: distinguishes the affix; conditions i.t in some forms; tit (.t): feminine is formed with nip -i (4.1.15)	l = it ; ṭ = it ; yu → ana (P.7.1.1) ; → -ana	Apte-SH(affix_map.tsv)	, and {#yAna#} going. {#yAyate anena yA-karaRe lyuw .#}
19904	dyota	dyota					BAve	action / abstract (bhāve)	ghañ	GaY	Action / result noun	kṛt affix 'ghañ' -> -a; action/result noun (bhāva, vṛddhi) | anubandha: git: treated as nit -> blocks guna/vrddhi (1.1.5); nit (n~): causes adi-vrddhi of the base (7.2.117) and svarita/ubhayapada	gh = it (initial) ; ñ = it (→ vṛddhi) ; → -a	Apte-SH(affix_map.tsv)	, lustre, heat. E. {#dyut#} to shine, {#BAve GaY#} af
19905	dyotana	dyotana					BAve	action / abstract (bhāve)	lyuṭ	lyuw	Action / result noun	kṛt affix 'lyuṭ' -> -ana; action / instrument noun | anubandha: lit: acute on the vowel just before the it-letter (6.1.193); indicatory u: distinguishes the affix; conditions i.t in some forms; tit (.t): feminine is formed with nip -i (4.1.15)	l = it ; ṭ = it ; yu → ana (P.7.1.1) ; → -ana	Apte-SH(affix_map.tsv)	) A lamp. E. {#dyut#} to shine, affix {#BAve lyuw#} or
19921	drava	drava					BAve	action / abstract (bhāve)	ap	ap	Agent — the doer	kṛt affix 'ap' -> -a; action / agent noun | anubandha: p = pit -> anudātta affix (3.1.4)		WIL	} to go, to go out of, to drop, affix {#BAve ap .#}
19961	drāṇa	drARa					kartari	agent (kartari)	kta	kta	Participle	kṛt affix 'kta' -> -ta; past passive participle | anubandha: kit: blocks guna/vrddhi of the root vowel (1.1.5 kniti ca); tit: svarita accent on the affix (6.1.185)	k = it (P.1.3.8) ; → surface -ta	Apte-SH(affix_map.tsv)	un away, &c. E. {#dru#} to fly, affix {#karttari kta#}, d
19961	drāṇa	drARa					BAve	action / abstract (bhāve)	kta	kta	Participle	kṛt affix 'kta' -> -ta; past passive participle | anubandha: kit: blocks guna/vrddhi of the root vowel (1.1.5 kniti ca); tit: svarita accent on the affix (6.1.185)	k = it (P.1.3.8) ; → surface -ta	Apte-SH(affix_map.tsv)	rttari kta#}, deriv. irr. {#tasya naH . BAve kta . sv
19964	drāva	drAva					BAve	action / abstract (bhāve)	ghañ	GaY	Action / result noun	kṛt affix 'ghañ' -> -a; action/result noun (bhāva, vṛddhi) | anubandha: git: treated as nit -> blocks guna/vrddhi (1.1.5); nit (n~): causes adi-vrddhi of the base (7.2.117) and svarita/ubhayapada	gh = it (initial) ; ñ = it (→ vṛddhi) ; → -a	Apte-SH(affix_map.tsv)	ion. 5. Heat. E. {#dru#} to go, affix {#BAve GaY .#}
20032	droha	droha					BAve	action / abstract (bhāve)	ghañ	GaY	Action / result noun	kṛt affix 'ghañ' -> -a; action/result noun (bhāva, vṛddhi) | anubandha: git: treated as nit -> blocks guna/vrddhi (1.1.5); nit (n~): causes adi-vrddhi of the base (7.2.117) and svarita/ubhayapada	gh = it (initial) ; ñ = it (→ vṛddhi) ; → -a	Apte-SH(affix_map.tsv)	E. {#druh#} to hurt or injure, affix {#BAve GaY .#}
20338	dhanurbhṛt	DanurBft	bhṛ	Bf	local		kartari	agent (kartari)	kvip	kvip	Bare root / zero affix	kṛt affix 'kvip' -> -∅; zero affix -> root used directly as a noun | anubandha: k,v,i,p all it -> the whole affix elides (6.1.67)		WIL	sesses: see the last. {#DanurBiBatti Bf karttari kvip tuk
20376	dharaṇa	DaraRa					BAve	action / abstract (bhāve)	lyuṭ	lyuw	Action / result noun	kṛt affix 'lyuṭ' -> -ana; action / instrument noun | anubandha: lit: acute on the vowel just before the it-letter (6.1.193); indicatory u: distinguishes the affix; conditions i.t in some forms; tit (.t): feminine is formed with nip -i (4.1.15)	l = it ; ṭ = it ; yu → ana (P.7.1.1) ; → -ana	Apte-SH(affix_map.tsv)	old, to uphold or support, affix {#yuc, BAve lyuw#}, f
20415	dharmmacintana	Darmmacintana					BAve	action / abstract (bhāve)	lyuṭ	lyuw	Action / result noun	kṛt affix 'lyuṭ' -> -ana; action / instrument noun | anubandha: lit: acute on the vowel just before the it-letter (6.1.193); indicatory u: distinguishes the affix; conditions i.t in some forms; tit (.t): feminine is formed with nip -i (4.1.15)	l = it ; ṭ = it ; yu → ana (P.7.1.1) ; → -ana	Apte-SH(affix_map.tsv)	, and {#cintA#} reflection. {#cinti#} {#BAve lyuw .#}
20457	dharmaśāstra	DarmaSAstra					karaRe	instrument (karaṇe)	ṣṭran	zwran	Other	uncurated affix 'ṣṭran' | it-letters: sit (.s): feminine is formed with nis -i (4.1.41); tit (.t): feminine is formed with nip -i (4.1.15)		generic-decoder	#} a treatise. {#Sizyate anena SAsa#} {#karaRe zwran . 6
20488	dharṣa	Darza					BAve	action / abstract (bhāve)	ghañ	GaY	Action / result noun	kṛt affix 'ghañ' -> -a; action/result noun (bhāva, vṛddhi) | anubandha: git: treated as nit -> blocks guna/vrddhi (1.1.5); nit (n~): causes adi-vrddhi of the base (7.2.117) and svarita/ubhayapada	gh = it (initial) ; ñ = it (→ vṛddhi) ; → -a	Apte-SH(affix_map.tsv)	eunuch. E. {#Dfza#} to be vain, affix {#BAve GaY .#}
20491	dharṣaṇa	DarzaRa					BAve	action / abstract (bhāve)	lyuṭ	lyuw	Action / result noun	kṛt affix 'lyuṭ' -> -ana; action / instrument noun | anubandha: lit: acute on the vowel just before the it-letter (6.1.193); indicatory u: distinguishes the affix; conditions i.t in some forms; tit (.t): feminine is formed with nip -i (4.1.15)	l = it ; ṭ = it ; yu → ana (P.7.1.1) ; → -ana	Apte-SH(affix_map.tsv)	E. {#Gfz#} to be arrogant, &c. affix {#BAve lyuw#} or
20575	dhāraṇa	DAraRa					BAve	action / abstract (bhāve)	yuc	yuc	Agent — the doer	kṛt affix 'yuc' -> -ana; agent / action noun (yu -> ana) | anubandha: c = cit -> final acute accent (6.1.163)		WIL	ntent, virtue, &c.) affix {#lyuw#} or {#BAve yuc#} af
20681	dhūnana	DUnana					BAve	action / abstract (bhāve)	lyuṭ	lyuw	Action / result noun	kṛt affix 'lyuṭ' -> -ana; action / instrument noun | anubandha: lit: acute on the vowel just before the it-letter (6.1.193); indicatory u: distinguishes the affix; conditions i.t in some forms; tit (.t): feminine is formed with nip -i (4.1.15)	l = it ; ṭ = it ; yu → ana (P.7.1.1) ; → -ana	Apte-SH(affix_map.tsv)	agitating. E. {#DU#} to shake, affix {#BAve lyuw#}.
20682	dhūni	DUni	dhū	DU	local		BAve	action / abstract (bhāve)	ktin	ktin	Action / result noun	kṛt affix 'ktin' -> -ti; action noun (fem. -ti) | anubandha: kit: blocks guna/vrddhi of the root vowel (1.1.5 kniti ca); tit: svarita accent on the affix (6.1.185)	k = it ; n = it ; → -ti	Apte-SH(affix_map.tsv)	n#}, and {#ta#} changed to {#na#}.{# DU-BAve ktin-lvAd
20788	dhorita	Dorita					BAve	action / abstract (bhāve)	kta	kta	Participle	kṛt affix 'kta' -> -ta; past passive participle | anubandha: kit: blocks guna/vrddhi of the root vowel (1.1.5 kniti ca); tit: svarita accent on the affix (6.1.185)	k = it (P.1.3.8) ; → surface -ta	Apte-SH(affix_map.tsv)	s trot. E. {#Dora#} to go well, affix {#BAve kta#}; a
20800	dhmākāra	DmAkAra					kartari	agent (kartari)	aṇ	aR	Relational / patronymic	taddhita affix 'aṇ' -> -a; patronymic / relational (vṛddhi) | anubandha: nit (.n): causes vrddhi of the base vowel (7.2.115-117)	ṇ = it (→ vṛddhi) ; → -a	Apte-SH(affix_map.tsv)	blowing, from {#DmA#} to blow, affix {#karttari aR#} an
20808	dhyāna	DyAna					BAve	action / abstract (bhāve)	lyuṭ	lyuw	Action / result noun	kṛt affix 'lyuṭ' -> -ana; action / instrument noun | anubandha: lit: acute on the vowel just before the it-letter (6.1.193); indicatory u: distinguishes the affix; conditions i.t in some forms; tit (.t): feminine is formed with nip -i (4.1.15)	l = it ; ṭ = it ; yu → ana (P.7.1.1) ; → -ana	Apte-SH(affix_map.tsv)	ressed. E. {#DyE#} to meditate, affix {#BAve lyuw .#}
20825	dhrāji	DrAji					BAve	action / abstract (bhāve)	in	in	Possessive — “having X”	taddhita affix 'in' -> -in; possessive '-in' ('having') | anubandha: matvartha (possessive) affix		WIL	d, a gale. E. {#Draj#} to go, {#matO vA BAve in#} Un
20839	dhvaṃsa	DvaMsa					BAve	action / abstract (bhāve)	ghañ	GaY	Action / result noun	kṛt affix 'ghañ' -> -a; action/result noun (bhāva, vṛddhi) | anubandha: git: treated as nit -> blocks guna/vrddhi (1.1.5); nit (n~): causes adi-vrddhi of the base (7.2.117) and svarita/ubhayapada	gh = it (initial) ; ñ = it (→ vṛddhi) ; → -a	Apte-SH(affix_map.tsv)	un-beam. E. {#DvaMsa#} to fall, affix {#BAve GaY .#}
20840	dhvaṃsana	DvaMsana					BAve	action / abstract (bhāve)	lyuṭ	lyuw	Action / result noun	kṛt affix 'lyuṭ' -> -ana; action / instrument noun | anubandha: lit: acute on the vowel just before the it-letter (6.1.193); indicatory u: distinguishes the affix; conditions i.t in some forms; tit (.t): feminine is formed with nip -i (4.1.15)	l = it ; ṭ = it ; yu → ana (P.7.1.1) ; → -ana	Apte-SH(affix_map.tsv)	ng. E. {#DvaMsa#} to fall down, affix {#BAve lyuw . Ri
20865	dhvasta	Dvasta					kartari	agent (kartari)	kta	kta	Participle	kṛt affix 'kta' -> -ta; past passive participle | anubandha: kit: blocks guna/vrddhi of the root vowel (1.1.5 kniti ca); tit: svarita accent on the affix (6.1.185)	k = it (P.1.3.8) ; → surface -ta	Apte-SH(affix_map.tsv)	d, lost. E. {#DvaMsa#} to fall, affix {#karttari kta#}.
20872	dhvāna	DvAna					BAve	action / abstract (bhāve)	ghañ	GaY	Action / result noun	kṛt affix 'ghañ' -> -a; action/result noun (bhāva, vṛddhi) | anubandha: git: treated as nit -> blocks guna/vrddhi (1.1.5); nit (n~): causes adi-vrddhi of the base (7.2.117) and svarita/ubhayapada	gh = it (initial) ; ñ = it (→ vṛddhi) ; → -a	Apte-SH(affix_map.tsv)	ound in general E. {#Dvan#} to sound, {#BAve GaY#} af
20938	nagaraghāta	nagaraGAta	hana	hana	local		BAve	action / abstract (bhāve)	ghañ	GaY	Action / result noun	kṛt affix 'ghañ' -> -a; action/result noun (bhāva, vṛddhi) | anubandha: git: treated as nit -> blocks guna/vrddhi (1.1.5); nit (n~): causes adi-vrddhi of the base (7.2.117) and svarita/ubhayapada	gh = it (initial) ; ñ = it (→ vṛddhi) ; → -a	Apte-SH(affix_map.tsv)	bADinvA aR upa0 sa0 . hastini#} {#hana-BAve GaY 6 ta
20950	nagna	nagna					kartari	agent (kartari)	kta	kta	Participle	kṛt affix 'kta' -> -ta; past passive participle | anubandha: kit: blocks guna/vrddhi of the root vowel (1.1.5 kniti ca); tit: svarita accent on the affix (6.1.185)	k = it (P.1.3.8) ; → surface -ta	Apte-SH(affix_map.tsv)	an. E. {#naj#} to be as- hamed, affix {#karttari kta#}.
20963	naṭana	nawana					BAve	action / abstract (bhāve)	lyuṭ	lyuw	Action / result noun	kṛt affix 'lyuṭ' -> -ana; action / instrument noun | anubandha: lit: acute on the vowel just before the it-letter (6.1.193); indicatory u: distinguishes the affix; conditions i.t in some forms; tit (.t): feminine is formed with nip -i (4.1.15)	l = it ; ṭ = it ; yu → ana (P.7.1.1) ; → -ana	Apte-SH(affix_map.tsv)	tomime, &c. E. {#naw#} to dance affix {#BAve lyuw .#}
20993	nati	nati					BAve	action / abstract (bhāve)	ktin	ktin	Action / result noun	kṛt affix 'ktin' -> -ti; action noun (fem. -ti) | anubandha: kit: blocks guna/vrddhi of the root vowel (1.1.5 kniti ca); tit: svarita accent on the affix (6.1.185)	k = it ; n = it ; → -ti	Apte-SH(affix_map.tsv)	ture, crookedness. E. {#nam#} to bow, {#BAve ktin#} af
21017	naddhrī	nadDrI					karaRe	instrument (karaṇe)	ṣṭran	zwran	Other	uncurated affix 'ṣṭran' | it-letters: sit (.s): feminine is formed with nis -i (4.1.41); tit (.t): feminine is formed with nip -i (4.1.15)		generic-decoder	her cord, a thong E. {#nah#} to bind, {#karaRe zwran-NIp
21022	nanda	nanda					BAve	action / abstract (bhāve)	ghañ	GaY	Action / result noun	kṛt affix 'ghañ' -> -a; action/result noun (bhāva, vṛddhi) | anubandha: git: treated as nit -> blocks guna/vrddhi (1.1.5); nit (n~): causes adi-vrddhi of the base (7.2.117) and svarita/ubhayapada	gh = it (initial) ; ñ = it (→ vṛddhi) ; → -a	Apte-SH(affix_map.tsv)	happy, affixes {#ac#} and {#wAp#} or {#BAve GaY .#}
21111	naya	naya					BAve	action / abstract (bhāve)	ac	ac	Agent — the doer	kṛt affix 'ac' -> -a; agent / action -a | anubandha: cit: final acute accent, antodatta (6.1.163)	c = it ; → -a	Apte-SH(affix_map.tsv)	#GaY#}, or {#RI#} to guide, &c. affix {#BAve ac .#}
21113	nayana	nayana					karaRe	instrument (karaṇe)	lyuṭ	lyuw	Action / result noun	kṛt affix 'lyuṭ' -> -ana; action / instrument noun | anubandha: lit: acute on the vowel just before the it-letter (6.1.193); indicatory u: distinguishes the affix; conditions i.t in some forms; tit (.t): feminine is formed with nip -i (4.1.15)	l = it ; ṭ = it ; yu → ana (P.7.1.1) ; → -ana	Apte-SH(affix_map.tsv)	of the eye. E. {#RI#} to guide, affix {#karaRe lyuw . nI
21159	narttana	narttana					BAve	action / abstract (bhāve)	lyuṭ	lyuw	Action / result noun	kṛt affix 'lyuṭ' -> -ana; action / instrument noun | anubandha: lit: acute on the vowel just before the it-letter (6.1.193); indicatory u: distinguishes the affix; conditions i.t in some forms; tit (.t): feminine is formed with nip -i (4.1.15)	l = it ; ṭ = it ; yu → ana (P.7.1.1) ; → -ana	Apte-SH(affix_map.tsv)	cting. E. {#nft#} to dance, &c. affix {#BAve lyuw .#}
21165	narddana	narddana					BAve	action / abstract (bhāve)	lyuṭ	lyuw	Action / result noun	kṛt affix 'lyuṭ' -> -ana; action / instrument noun | anubandha: lit: acute on the vowel just before the it-letter (6.1.193); indicatory u: distinguishes the affix; conditions i.t in some forms; tit (.t): feminine is formed with nip -i (4.1.15)	l = it ; ṭ = it ; yu → ana (P.7.1.1) ; → -ana	Apte-SH(affix_map.tsv)	aloud. E. {#nardda#} to sound, affix {#BAve lyuw .#}
21470	nāśa	nASa					BAve	action / abstract (bhāve)	ghañ	GaY	Action / result noun	kṛt affix 'ghañ' -> -a; action/result noun (bhāva, vṛddhi) | anubandha: git: treated as nit -> blocks guna/vrddhi (1.1.5); nit (n~): causes adi-vrddhi of the base (7.2.117) and svarita/ubhayapada	gh = it (initial) ; ñ = it (→ vṛddhi) ; → -a	Apte-SH(affix_map.tsv)	ion. E. {#RaS#} to cease to be, affix {#BAve GaY#}.
21503	nāha	nAha					BAve	action / abstract (bhāve)	ghañ	GaY	Action / result noun	kṛt affix 'ghañ' -> -a; action/result noun (bhāva, vṛddhi) | anubandha: git: treated as nit -> blocks guna/vrddhi (1.1.5); nit (n~): causes adi-vrddhi of the base (7.2.117) and svarita/ubhayapada	gh = it (initial) ; ñ = it (→ vṛddhi) ; → -a	Apte-SH(affix_map.tsv)	veness, &c. E. {#Rah#} to bind, affix {#BAve GaY .#}
21529	niḥśvāsa	niHSvAsa					BAve	action / abstract (bhāve)	ghañ	GaY	Action / result noun	kṛt affix 'ghañ' -> -a; action/result noun (bhāva, vṛddhi) | anubandha: git: treated as nit -> blocks guna/vrddhi (1.1.5); nit (n~): causes adi-vrddhi of the base (7.2.117) and svarita/ubhayapada	gh = it (initial) ; ñ = it (→ vṛddhi) ; → -a	Apte-SH(affix_map.tsv)	E. {#nir#}, and {#Svas#} to breathe, {#BAve GaY#} af
21539	niḥsaraṇa	niHsaraRa					BAve	action / abstract (bhāve)	lyuṭ	lyuw	Action / result noun	kṛt affix 'lyuṭ' -> -ana; action / instrument noun | anubandha: lit: acute on the vowel just before the it-letter (6.1.193); indicatory u: distinguishes the affix; conditions i.t in some forms; tit (.t): feminine is formed with nip -i (4.1.15)	l = it ; ṭ = it ; yu → ana (P.7.1.1) ; → -ana	Apte-SH(affix_map.tsv)	{#nir#} forth or out, {#sf#}, to go, {#BAve lyuw#} af
21564	nikāra	nikAra					BAve	action / abstract (bhāve)	ghañ	GaY	Action / result noun	kṛt affix 'ghañ' -> -a; action/result noun (bhāva, vṛddhi) | anubandha: git: treated as nit -> blocks guna/vrddhi (1.1.5); nit (n~): causes adi-vrddhi of the base (7.2.117) and svarita/ubhayapada	gh = it (initial) ; ñ = it (→ vṛddhi) ; → -a	Apte-SH(affix_map.tsv)	#} to make, or {#kF#} to throw, affix {#BAve GaY#} or
21575	nikṛti	nikfti	kṛ	kf	local		BAve	action / abstract (bhāve)	ktin	ktin	Action / result noun	kṛt affix 'ktin' -> -ti; action noun (fem. -ti) | anubandha: kit: blocks guna/vrddhi of the root vowel (1.1.5 kniti ca); tit: svarita accent on the affix (6.1.185)	k = it ; n = it ; → -ti	Apte-SH(affix_map.tsv)	ft#} to cut, affix {#ki#}. or {#ni + kf-BAve ktin .#}
21631	nicaya	nicaya					BAve	action / abstract (bhāve)	ac	ac	Agent — the doer	kṛt affix 'ac' -> -a; agent / action -a | anubandha: cit: final acute accent, antodatta (6.1.163)	c = it ; → -a	Apte-SH(affix_map.tsv)	ni#} before, {#ci#} to collect, affix {#BAve ac .#}
21699	nidhāna	niDAna					BAve	action / abstract (bhāve)	lyuṭ	lyuw	Action / result noun	kṛt affix 'lyuṭ' -> -ana; action / instrument noun | anubandha: lit: acute on the vowel just before the it-letter (6.1.193); indicatory u: distinguishes the affix; conditions i.t in some forms; tit (.t): feminine is formed with nip -i (4.1.15)	l = it ; ṭ = it ; yu → ana (P.7.1.1) ; → -ana	Apte-SH(affix_map.tsv)	affix {#kyap#} or according to others {#BAve lyuwH#} se
21708	nidhyāna	niDyAna					BAve	action / abstract (bhāve)	lyuṭ	lyuw	Action / result noun	kṛt affix 'lyuṭ' -> -ana; action / instrument noun | anubandha: lit: acute on the vowel just before the it-letter (6.1.193); indicatory u: distinguishes the affix; conditions i.t in some forms; tit (.t): feminine is formed with nip -i (4.1.15)	l = it ; ṭ = it ; yu → ana (P.7.1.1) ; → -ana	Apte-SH(affix_map.tsv)	#ni#} before, {#DyE#} to think, affix {#BAve lyuw#}.
21709	nidhuvana	niDuvana					BAve	action / abstract (bhāve)	ghañ	GaY	Action / result noun	kṛt affix 'ghañ' -> -a; action/result noun (bhāva, vṛddhi) | anubandha: git: treated as nit -> blocks guna/vrddhi (1.1.5); nit (n~): causes adi-vrddhi of the base (7.2.117) and svarita/ubhayapada	gh = it (initial) ; ñ = it (→ vṛddhi) ; → -a	Apte-SH(affix_map.tsv)	ni#} before, {#Dvan#} to sound, affix {#BAve GaY#}.
21727	nipa	nipa					BAve	action / abstract (bhāve)	ap	ap	Agent — the doer	kṛt affix 'ap' -> -a; action / agent noun | anubandha: p = pit -> anudātta affix (3.1.4)		WIL	{#ni#} before. {#paW#} to read, affix {#BAve ap pakz
21737	nipāta	nipAta					BAve	action / abstract (bhāve)	ghañ	GaY	Action / result noun	kṛt affix 'ghañ' -> -a; action/result noun (bhāva, vṛddhi) | anubandha: git: treated as nit -> blocks guna/vrddhi (1.1.5); nit (n~): causes adi-vrddhi of the base (7.2.117) and svarita/ubhayapada	gh = it (initial) ; ñ = it (→ vṛddhi) ; → -a	Apte-SH(affix_map.tsv)	. {#ni#} before, {#pat#} to go, affix {#BAve GaY .#}
21741	nipīḍana	nipIqana					BAve	action / abstract (bhāve)	lyuṭ	lyuw	Action / result noun	kṛt affix 'lyuṭ' -> -ana; action / instrument noun | anubandha: lit: acute on the vowel just before the it-letter (6.1.193); indicatory u: distinguishes the affix; conditions i.t in some forms; tit (.t): feminine is formed with nip -i (4.1.15)	l = it ; ṭ = it ; yu → ana (P.7.1.1) ; → -ana	Apte-SH(affix_map.tsv)	{#ni#} before, {#pIq#} to give pain, {#BAve lyuw#} af
21763	nimajjana	nimajjana					BAve	action / abstract (bhāve)	lyuṭ	lyuw	Action / result noun	kṛt affix 'lyuṭ' -> -ana; action / instrument noun | anubandha: lit: acute on the vowel just before the it-letter (6.1.193); indicatory u: distinguishes the affix; conditions i.t in some forms; tit (.t): feminine is formed with nip -i (4.1.15)	l = it ; ṭ = it ; yu → ana (P.7.1.1) ; → -ana	Apte-SH(affix_map.tsv)	E. {#ni#} before, {#masja#} to bathe, {#BAve lyuw#} af
21781	nimīlana	nimIlana					BAve	action / abstract (bhāve)	lyuṭ	lyuw	Action / result noun	kṛt affix 'lyuṭ' -> -ana; action / instrument noun | anubandha: lit: acute on the vowel just before the it-letter (6.1.193); indicatory u: distinguishes the affix; conditions i.t in some forms; tit (.t): feminine is formed with nip -i (4.1.15)	l = it ; ṭ = it ; yu → ana (P.7.1.1) ; → -ana	Apte-SH(affix_map.tsv)	re, {#mIl#} to dis- appear, &c. affix {#BAve lyuw .#}
21785	nimeṣa	nimeza	miṣa	miza	local	ni	BAve	action / abstract (bhāve)	ghañ	GaY	Action / result noun	kṛt affix 'ghañ' -> -a; action/result noun (bhāva, vṛddhi) | anubandha: git: treated as nit -> blocks guna/vrddhi (1.1.5); nit (n~): causes adi-vrddhi of the base (7.2.117) and svarita/ubhayapada	gh = it (initial) ; ñ = it (→ vṛddhi) ; → -a	Apte-SH(affix_map.tsv)	ure of time: see {#nimiza#} {#ni + miza BAve GaY .#}
21800	niyati	niyati					karaRe	instrument (karaṇe)	ktin	ktin	Action / result noun	kṛt affix 'ktin' -> -ti; action noun (fem. -ti) | anubandha: kit: blocks guna/vrddhi of the root vowel (1.1.5 kniti ca); tit: svarita accent on the affix (6.1.185)	k = it ; n = it ; → -ti	Apte-SH(affix_map.tsv)	} before, {#yam#} to re- frain, affix {#karaRe ktin#} or
21806	niyamana	niyamana					BAve	action / abstract (bhāve)	lyuṭ	lyuw	Action / result noun	kṛt affix 'lyuṭ' -> -ana; action / instrument noun | anubandha: lit: acute on the vowel just before the it-letter (6.1.193); indicatory u: distinguishes the affix; conditions i.t in some forms; tit (.t): feminine is formed with nip -i (4.1.15)	l = it ; ṭ = it ; yu → ana (P.7.1.1) ; → -ana	Apte-SH(affix_map.tsv)	#} before, {#yam#} to restrain, affix {#BAve lyuw#}.
21824	niyogya	niyogya					kartari	agent (kartari)	ṇyat	Ryat	Participle	kṛt affix 'ṇyat' -> -ya; future passive participle / gerundive ('-ya') | anubandha: ṇ = ṇit -> vṛddhi (7.2.115); t = tit svarita accent		WIL	} before, {#yuj#} to join, {#ahArTe#} {#karttari Ryat#} af
21825	niyojana	niyojana					BAve	action / abstract (bhāve)	lyuṭ	lyuw	Action / result noun	kṛt affix 'lyuṭ' -> -ana; action / instrument noun | anubandha: lit: acute on the vowel just before the it-letter (6.1.193); indicatory u: distinguishes the affix; conditions i.t in some forms; tit (.t): feminine is formed with nip -i (4.1.15)	l = it ; ṭ = it ; yu → ana (P.7.1.1) ; → -ana	Apte-SH(affix_map.tsv)	{#ni#} before, {#yuj#} to join, affix {#BAve lyuw .#}
21897	nirāsa	nirAsa					BAve	action / abstract (bhāve)	ghañ	GaY	Action / result noun	kṛt affix 'ghañ' -> -a; action/result noun (bhāva, vṛddhi) | anubandha: git: treated as nit -> blocks guna/vrddhi (1.1.5); nit (n~): causes adi-vrddhi of the base (7.2.117) and svarita/ubhayapada	gh = it (initial) ; ñ = it (→ vṛddhi) ; → -a	Apte-SH(affix_map.tsv)	g. E. {#nir#} out, and {#asa#} to be, {#BAve GaY .#}
21938	nirūha	nirUha					karaRe	instrument (karaṇe)	ghañ	GaY	Action / result noun	kṛt affix 'ghañ' -> -a; action/result noun (bhāva, vṛddhi) | anubandha: git: treated as nit -> blocks guna/vrddhi (1.1.5); nit (n~): causes adi-vrddhi of the base (7.2.117) and svarita/ubhayapada	gh = it (initial) ; ñ = it (→ vṛddhi) ; → -a	Apte-SH(affix_map.tsv)	privative, and {#Uha#} reasoning, &c. {#karaRe GaY .#}
21943	nirodha	niroDa					BAve	action / abstract (bhāve)	ghañ	GaY	Action / result noun	kṛt affix 'ghañ' -> -a; action/result noun (bhāva, vṛddhi) | anubandha: git: treated as nit -> blocks guna/vrddhi (1.1.5); nit (n~): causes adi-vrddhi of the base (7.2.117) and svarita/ubhayapada	gh = it (initial) ; ñ = it (→ vṛddhi) ; → -a	Apte-SH(affix_map.tsv)	ni#} before, {#ruD#} to oppose, affix {#BAve GaY#}.
21944	nirga	nirga					aDikaraRe	location (adhikaraṇe)	ḍa	qa	Agent — the doer	kṛt affix 'ḍa' -> -a; agent noun (esp. after an upapada) | anubandha: ḍ = ḍit -> the ṭi of the base is elided (6.4.143)		WIL	. {#nir#} forth, {#gam#} to go, affix {#aDikaraRe qa#}.
21974	nirṇaya	nirRaya					BAve	action / abstract (bhāve)	ac	ac	Agent — the doer	kṛt affix 'ac' -> -a; agent / action -a | anubandha: cit: final acute accent, antodatta (6.1.163)	c = it ; → -a	Apte-SH(affix_map.tsv)	ative prefix, {#RI#} to guide, affix, {#BAve ac#}.
22019	nirbba	nirbba					BAve	action / abstract (bhāve)	ghañ	GaY	Action / result noun	kṛt affix 'ghañ' -> -a; action/result noun (bhāva, vṛddhi) | anubandha: git: treated as nit -> blocks guna/vrddhi (1.1.5); nit (n~): causes adi-vrddhi of the base (7.2.117) and svarita/ubhayapada	gh = it (initial) ; ñ = it (→ vṛddhi) ; → -a	Apte-SH(affix_map.tsv)	fore, {#banDa#} to bind or tie, affix {#BAve GaY .#}
22020	nirbba	nirbba					BAve	action / abstract (bhāve)	lyuṭ	lyuw	Action / result noun	kṛt affix 'lyuṭ' -> -ana; action / instrument noun | anubandha: lit: acute on the vowel just before the it-letter (6.1.193); indicatory u: distinguishes the affix; conditions i.t in some forms; tit (.t): feminine is formed with nip -i (4.1.15)	l = it ; ṭ = it ; yu → ana (P.7.1.1) ; → -ana	Apte-SH(affix_map.tsv)	ir#} before, {#varha#} to slay, affix {#BAve lyuw#} al
22043	nirmmā	nirmmA					BAve	action / abstract (bhāve)	lyuṭ	lyuw	Action / result noun	kṛt affix 'lyuṭ' -> -ana; action / instrument noun | anubandha: lit: acute on the vowel just before the it-letter (6.1.193); indicatory u: distinguishes the affix; conditions i.t in some forms; tit (.t): feminine is formed with nip -i (4.1.15)	l = it ; ṭ = it ; yu → ana (P.7.1.1) ; → -ana	Apte-SH(affix_map.tsv)	ir#} before, {#mi#} to measure, affix {#BAve lyuw#}.
22046	nirmmiti	nirmmiti					BAve	action / abstract (bhāve)	ktin	ktin	Action / result noun	kṛt affix 'ktin' -> -ti; action noun (fem. -ti) | anubandha: kit: blocks guna/vrddhi of the root vowel (1.1.5 kniti ca); tit: svarita accent on the affix (6.1.185)	k = it ; n = it ; → -ti	Apte-SH(affix_map.tsv)	E. As above: see {#nirmmita#}, affix {#BAve ktin#}.
22055	niryāṇa	niryARa					karaRe	instrument (karaṇe)	lyuṭ	lyuw	Action / result noun	kṛt affix 'lyuṭ' -> -ana; action / instrument noun | anubandha: lit: acute on the vowel just before the it-letter (6.1.193); indicatory u: distinguishes the affix; conditions i.t in some forms; tit (.t): feminine is formed with nip -i (4.1.15)	l = it ; ṭ = it ; yu → ana (P.7.1.1) ; → -ana	Apte-SH(affix_map.tsv)	. {#nir#} before, {#yA#} to go, affix {#karaRe lyuw#}.
22072	nirvva	nirvva					BAve	action / abstract (bhāve)	lyuṭ	lyuw	Action / result noun	kṛt affix 'lyuṭ' -> -ana; action / instrument noun | anubandha: lit: acute on the vowel just before the it-letter (6.1.193); indicatory u: distinguishes the affix; conditions i.t in some forms; tit (.t): feminine is formed with nip -i (4.1.15)	l = it ; ṭ = it ; yu → ana (P.7.1.1) ; → -ana	Apte-SH(affix_map.tsv)	{#nir#} before, {#vap#} to go, affix {#BAve lyuw#}.
22074	nirvva	nirvva					BAve	action / abstract (bhāve)	lyuṭ	lyuw	Action / result noun	kṛt affix 'lyuṭ' -> -ana; action / instrument noun | anubandha: lit: acute on the vowel just before the it-letter (6.1.193); indicatory u: distinguishes the affix; conditions i.t in some forms; tit (.t): feminine is formed with nip -i (4.1.15)	l = it ; ṭ = it ; yu → ana (P.7.1.1) ; → -ana	Apte-SH(affix_map.tsv)	, {#varRa#} to class or colour, affix {#BAve lyuw#}.
22077	nirvva	nirvva					BAve	action / abstract (bhāve)	lyuṭ	lyuw	Action / result noun	kṛt affix 'lyuṭ' -> -ana; action / instrument noun | anubandha: lit: acute on the vowel just before the it-letter (6.1.193); indicatory u: distinguishes the affix; conditions i.t in some forms; tit (.t): feminine is formed with nip -i (4.1.15)	l = it ; ṭ = it ; yu → ana (P.7.1.1) ; → -ana	Apte-SH(affix_map.tsv)	. {#nir#} out, {#vah#} to bear, affix {#BAve lyuw#}.
22111	nirvṛti	nirvfti					BAve	action / abstract (bhāve)	ktin	ktin	Action / result noun	kṛt affix 'ktin' -> -ti; action noun (fem. -ti) | anubandha: kit: blocks guna/vrddhi of the root vowel (1.1.5 kniti ca); tit: svarita accent on the affix (6.1.185)	k = it ; n = it ; → -ti	Apte-SH(affix_map.tsv)	ive particle, {#vf#} to choose, affix {#BAve ktin#}.
22115	nirveda	nirveda					BAve	action / abstract (bhāve)	ghañ	GaY	Action / result noun	kṛt affix 'ghañ' -> -a; action/result noun (bhāva, vṛddhi) | anubandha: git: treated as nit -> blocks guna/vrddhi (1.1.5); nit (n~): causes adi-vrddhi of the base (7.2.117) and svarita/ubhayapada	gh = it (initial) ; ñ = it (→ vṛddhi) ; → -a	Apte-SH(affix_map.tsv)	tive particle, {#vid#} to know, affix {#BAve GaY#}, o
22140	nivarttana	nivarttana					BAve	action / abstract (bhāve)	lyuṭ	lyuw	Action / result noun	kṛt affix 'lyuṭ' -> -ana; action / instrument noun | anubandha: lit: acute on the vowel just before the it-letter (6.1.193); indicatory u: distinguishes the affix; conditions i.t in some forms; tit (.t): feminine is formed with nip -i (4.1.15)	l = it ; ṭ = it ; yu → ana (P.7.1.1) ; → -ana	Apte-SH(affix_map.tsv)	. E. {#ni#} before {#vft#} to be, {#Ric-BAve lyuw#} af
22176	nivṛtti	nivftti					BAve	action / abstract (bhāve)	ktin	ktin	Action / result noun	kṛt affix 'ktin' -> -ti; action noun (fem. -ti) | anubandha: kit: blocks guna/vrddhi of the root vowel (1.1.5 kniti ca); tit: svarita accent on the affix (6.1.185)	k = it ; n = it ; → -ti	Apte-SH(affix_map.tsv)	negative prefix, {#vft#} to be, aff. {#BAve ktinH#} se
22179	niveśa	niveSa					BAve	action / abstract (bhāve)	ghañ	GaY	Action / result noun	kṛt affix 'ghañ' -> -a; action/result noun (bhāva, vṛddhi) | anubandha: git: treated as nit -> blocks guna/vrddhi (1.1.5); nit (n~): causes adi-vrddhi of the base (7.2.117) and svarita/ubhayapada	gh = it (initial) ; ñ = it (→ vṛddhi) ; → -a	Apte-SH(affix_map.tsv)	{#ni#} before, {#viS#} to enter, aff. {#BAve GaY#},
22227	niśumbha	niSumBa					BAve	action / abstract (bhāve)	ghañ	GaY	Action / result noun	kṛt affix 'ghañ' -> -a; action/result noun (bhāva, vṛddhi) | anubandha: git: treated as nit -> blocks guna/vrddhi (1.1.5); nit (n~): causes adi-vrddhi of the base (7.2.117) and svarita/ubhayapada	gh = it (initial) ; ñ = it (→ vṛddhi) ; → -a	Apte-SH(affix_map.tsv)	efore, {#SumB#} to hurt or kill, aff. {#BAve GaY#}.
22264	niṣeka	nizeka					BAve	action / abstract (bhāve)	ghañ	GaY	Action / result noun	kṛt affix 'ghañ' -> -a; action/result noun (bhāva, vṛddhi) | anubandha: git: treated as nit -> blocks guna/vrddhi (1.1.5); nit (n~): causes adi-vrddhi of the base (7.2.117) and svarita/ubhayapada	gh = it (initial) ; ñ = it (→ vṛddhi) ; → -a	Apte-SH(affix_map.tsv)	{#ni#}, and {#sic#} to sprinkle, aff. {#BAve GaY .#}
22282	niṣkāśa	nizkASa					BAve	action / abstract (bhāve)	ghañ	GaY	Action / result noun	kṛt affix 'ghañ' -> -a; action/result noun (bhāva, vṛddhi) | anubandha: git: treated as nit -> blocks guna/vrddhi (1.1.5); nit (n~): causes adi-vrddhi of the base (7.2.117) and svarita/ubhayapada	gh = it (initial) ; ñ = it (→ vṛddhi) ; → -a	Apte-SH(affix_map.tsv)	break. E. {#nir#} and {#kaS#} to go, {#BAve GaY#} af
22321	niṣpatrākṛti	nizpatrAkfti					BAve	action / abstract (bhāve)	ktin	ktin	Action / result noun	kṛt affix 'ktin' -> -ti; action noun (fem. -ti) | anubandha: kit: blocks guna/vrddhi of the root vowel (1.1.5 kniti ca); tit: svarita accent on the affix (6.1.185)	k = it ; n = it ; → -ti	Apte-SH(affix_map.tsv)	e bodily pain. E. {#nizpatra + qAc + ka-BAve ktin .#}
22331	niṣpāva	nizpAva					karaRe	instrument (karaṇe)	ghañ	GaY	Action / result noun	kṛt affix 'ghañ' -> -a; action/result noun (bhāva, vṛddhi) | anubandha: git: treated as nit -> blocks guna/vrddhi (1.1.5); nit (n~): causes adi-vrddhi of the base (7.2.117) and svarita/ubhayapada	gh = it (initial) ; ñ = it (→ vṛddhi) ; → -a	Apte-SH(affix_map.tsv)	#nir#} before, {#pU#} to purify, aff. {#karaRe GaY#}.
22351	nistaraṇa	nistaraRa					karaRe	instrument (karaṇe)	lyuṭ	lyuw	Action / result noun	kṛt affix 'lyuṭ' -> -ana; action / instrument noun | anubandha: lit: acute on the vowel just before the it-letter (6.1.193); indicatory u: distinguishes the affix; conditions i.t in some forms; tit (.t): feminine is formed with nip -i (4.1.15)	l = it ; ṭ = it ; yu → ana (P.7.1.1) ; → -ana	Apte-SH(affix_map.tsv)	e, {#tF#} to cross or pass over, aff. {#karaRe lyuw .#}
22353	nistarhaṇa	nistarhaRa					BAve	action / abstract (bhāve)	lyuṭ	lyuw	Action / result noun	kṛt affix 'lyuṭ' -> -ana; action / instrument noun | anubandha: lit: acute on the vowel just before the it-letter (6.1.193); indicatory u: distinguishes the affix; conditions i.t in some forms; tit (.t): feminine is formed with nip -i (4.1.15)	l = it ; ṭ = it ; yu → ana (P.7.1.1) ; → -ana	Apte-SH(affix_map.tsv)	efore, {#tfhU#} to kill or hurt, aff. {#BAve lyuw .#}
22381	nihiṃsana	nihiMsana					BAve	action / abstract (bhāve)	lyuṭ	lyuw	Action / result noun	kṛt affix 'lyuṭ' -> -ana; action / instrument noun | anubandha: lit: acute on the vowel just before the it-letter (6.1.193); indicatory u: distinguishes the affix; conditions i.t in some forms; tit (.t): feminine is formed with nip -i (4.1.15)	l = it ; ṭ = it ; yu → ana (P.7.1.1) ; → -ana	Apte-SH(affix_map.tsv)	efore, {#hiMs#} to kill or hurt, aff. {#BAve lyuw#}
22393	nī	nI					BAve	action / abstract (bhāve)	ghañ	GaY	Action / result noun	kṛt affix 'ghañ' -> -a; action/result noun (bhāva, vṛddhi) | anubandha: git: treated as nit -> blocks guna/vrddhi (1.1.5); nit (n~): causes adi-vrddhi of the base (7.2.117) and svarita/ubhayapada	gh = it (initial) ; ñ = it (→ vṛddhi) ; → -a	Apte-SH(affix_map.tsv)	. {#ni#} before, {#kf#} to make, aff. {#BAve GaY .#}
22434	nīrājana	nIrAjana					BAve	action / abstract (bhāve)	lyuṭ	lyuw	Action / result noun	kṛt affix 'lyuṭ' -> -ana; action / instrument noun | anubandha: lit: acute on the vowel just before the it-letter (6.1.193); indicatory u: distinguishes the affix; conditions i.t in some forms; tit (.t): feminine is formed with nip -i (4.1.15)	l = it ; ṭ = it ; yu → ana (P.7.1.1) ; → -ana	Apte-SH(affix_map.tsv)	ly, {#rAja#} to shine, aff {#yuc#} or {#BAve lyuw#}; {
22947	paṭṭaraṅga	pawwaraNga					karaRe	instrument (karaṇe)	ghañ	GaY	Action / result noun	kṛt affix 'ghañ' -> -a; action/result noun (bhāva, vṛddhi) | anubandha: git: treated as nit -> blocks guna/vrddhi (1.1.5); nit (n~): causes adi-vrddhi of the base (7.2.117) and svarita/ubhayapada	gh = it (initial) ; ñ = it (→ vṛddhi) ; → -a	Apte-SH(affix_map.tsv)	a#} cloth, and {#raYja#} to dye, aff. {#karaRe GaY (vak
22972	paṇana	paRana					BAve	action / abstract (bhāve)	lyuṭ	lyuw	Action / result noun	kṛt affix 'lyuṭ' -> -ana; action / instrument noun | anubandha: lit: acute on the vowel just before the it-letter (6.1.193); indicatory u: distinguishes the affix; conditions i.t in some forms; tit (.t): feminine is formed with nip -i (4.1.15)	l = it ; ṭ = it ; yu → ana (P.7.1.1) ; → -ana	Apte-SH(affix_map.tsv)	ting. E. {#paR#} to do business, aff. {#BAve lyuw#}.
23025	patita	patita					kartari	agent (kartari)	kta	kta	Participle	kṛt affix 'kta' -> -ta; past passive participle | anubandha: kit: blocks guna/vrddhi of the root vowel (1.1.5 kniti ca); tit: svarita accent on the affix (6.1.185)	k = it (P.1.3.8) ; → surface -ta	Apte-SH(affix_map.tsv)	aste. 5. Gone. E. {#pat#} to go, aff. {#karttari kta#}.
23232	para	para					BAve	action / abstract (bhāve)	ap	ap	Agent — the doer	kṛt affix 'ap' -> -a; action / agent noun | anubandha: p = pit -> anudātta affix (3.1.4)		WIL	l things. E. {#pF#} to fill, &c. aff. {#BAve ap#} or
23232	para	para					kartari	agent (kartari)	ac	ac	Agent — the doer	kṛt affix 'ac' -> -a; agent / action -a | anubandha: cit: final acute accent, antodatta (6.1.163)	c = it ; → -a	Apte-SH(affix_map.tsv)	pF#} to fill, &c. aff. {#BAve ap#} or {#karttari ac .#}
23378	parākrama	parAkrama					karaRe	instrument (karaṇe)	ghañ	GaY	Action / result noun	kṛt affix 'ghañ' -> -a; action/result noun (bhāva, vṛddhi) | anubandha: git: treated as nit -> blocks guna/vrddhi (1.1.5); nit (n~): causes adi-vrddhi of the base (7.2.117) and svarita/ubhayapada	gh = it (initial) ; ñ = it (→ vṛddhi) ; → -a	Apte-SH(affix_map.tsv)	opposition, &c. and {#krama#} going, {#karaRe GaY#} af
23412	parāmarśa	parAmarSa					BAve	action / abstract (bhāve)	ghañ	GaY	Action / result noun	kṛt affix 'ghañ' -> -a; action/result noun (bhāva, vṛddhi) | anubandha: git: treated as nit -> blocks guna/vrddhi (1.1.5); nit (n~): causes adi-vrddhi of the base (7.2.117) and svarita/ubhayapada	gh = it (initial) ; ñ = it (→ vṛddhi) ; → -a	Apte-SH(affix_map.tsv)	pre- macy, &c. {#mfS#} to deliberate, {#BAve GaY#} af
23438	parāsana	parAsana					BAve	action / abstract (bhāve)	lyuṭ	lyuw	Action / result noun	kṛt affix 'lyuṭ' -> -ana; action / instrument noun | anubandha: lit: acute on the vowel just before the it-letter (6.1.193); indicatory u: distinguishes the affix; conditions i.t in some forms; tit (.t): feminine is formed with nip -i (4.1.15)	l = it ; ṭ = it ; yu → ana (P.7.1.1) ; → -ana	Apte-SH(affix_map.tsv)	enemy, {#as#} to throw or cast, aff. {#BAve lyuw#}.
23449	parikampa	parikampa					karaRe	instrument (karaṇe)	ghañ	GaY	Action / result noun	kṛt affix 'ghañ' -> -a; action/result noun (bhāva, vṛddhi) | anubandha: git: treated as nit -> blocks guna/vrddhi (1.1.5); nit (n~): causes adi-vrddhi of the base (7.2.117) and svarita/ubhayapada	gh = it (initial) ; ñ = it (→ vṛddhi) ; → -a	Apte-SH(affix_map.tsv)	#} very great, {#kampa#} a trembling, {#karaRe GaY#} af
23460	parikarṣa	parikarza					BAve	action / abstract (bhāve)	ghañ	GaY	Action / result noun	kṛt affix 'ghañ' -> -a; action/result noun (bhāva, vṛddhi) | anubandha: git: treated as nit -> blocks guna/vrddhi (1.1.5); nit (n~): causes adi-vrddhi of the base (7.2.117) and svarita/ubhayapada	gh = it (initial) ; ñ = it (→ vṛddhi) ; → -a	Apte-SH(affix_map.tsv)	agging out. E. {#pari, kaz#} to draw, {#BAve GaY#} af
23467	parikrama	parikrama					BAve	action / abstract (bhāve)	ghañ	GaY	Action / result noun	kṛt affix 'ghañ' -> -a; action/result noun (bhāva, vṛddhi) | anubandha: git: treated as nit -> blocks guna/vrddhi (1.1.5); nit (n~): causes adi-vrddhi of the base (7.2.117) and svarita/ubhayapada	gh = it (initial) ; ñ = it (→ vṛddhi) ; → -a	Apte-SH(affix_map.tsv)	ari#} about, around, {#krama#} going, {#BAve GaY#} af
23476	parikṣaya	parikzaya					BAve	action / abstract (bhāve)	ac	ac	Agent — the doer	kṛt affix 'ac' -> -a; agent / action -a | anubandha: cit: final acute accent, antodatta (6.1.163)	c = it ; → -a	Apte-SH(affix_map.tsv)	E. {#pari#} before, {#kzi#} to waste, {#BAve ac#} af
23688	parilekha	parileKa	likha	liKa	local		karaRe	instrument (karaṇe)	ghañ	GaY	Action / result noun	kṛt affix 'ghañ' -> -a; action/result noun (bhāva, vṛddhi) | anubandha: git: treated as nit -> blocks guna/vrddhi (1.1.5); nit (n~): causes adi-vrddhi of the base (7.2.117) and svarita/ubhayapada	gh = it (initial) ; ñ = it (→ vṛddhi) ; → -a	Apte-SH(affix_map.tsv)	An outline, a sketch. E. {#pari + liKa-karaRe GaY .#}
23694	pari	pari					BAve	action / abstract (bhāve)	ghañ	GaY	Action / result noun	kṛt affix 'ghañ' -> -a; action/result noun (bhāva, vṛddhi) | anubandha: git: treated as nit -> blocks guna/vrddhi (1.1.5); nit (n~): causes adi-vrddhi of the base (7.2.117) and svarita/ubhayapada	gh = it (initial) ; ñ = it (→ vṛddhi) ; → -a	Apte-SH(affix_map.tsv)	#} severally, &c. {#vft#} to be, aff. {#BAve GaY .#}
23746	parivrajyā	parivrajyA	vraj	vraj	local		BAve	action / abstract (bhāve)	kyap	kyap	Participle	kṛt affix 'kyap' -> -ya; future passive participle / gerundive | anubandha: k = kit -> no guṇa; p = pit -> anudātta		WIL	yA#} religious wandering. {#pari + vraj-BAve kyap .#}
23749	parivrāja	parivrAja	sajñāyāṃ	sajYAyAM	local		kartari	agent (kartari)	ghañ	GaY	Action / result noun	kṛt affix 'ghañ' -> -a; action/result noun (bhāva, vṛddhi) | anubandha: git: treated as nit -> blocks guna/vrddhi (1.1.5); nit (n~): causes adi-vrddhi of the base (7.2.117) and svarita/ubhayapada	gh = it (initial) ; ñ = it (→ vṛddhi) ; → -a	Apte-SH(affix_map.tsv)	H#}) An ascetic: {#pari + vraj-sajYAyAM-karttari GaY .#}
23933	pardda	pardda					BAve	action / abstract (bhāve)	ghañ	GaY	Action / result noun	kṛt affix 'ghañ' -> -a; action/result noun (bhāva, vṛddhi) | anubandha: git: treated as nit -> blocks guna/vrddhi (1.1.5); nit (n~): causes adi-vrddhi of the base (7.2.117) and svarita/ubhayapada	gh = it (initial) ; ñ = it (→ vṛddhi) ; → -a	Apte-SH(affix_map.tsv)	nādi aff., or {#pardd#} to fart, aff. {#BAve GaY#} or
23955	paryyavasāna	paryyavasAna	so	so	local		BAve	action / abstract (bhāve)	lyuṭ	lyuw	Action / result noun	kṛt affix 'lyuṭ' -> -ana; action / instrument noun | anubandha: lit: acute on the vowel just before the it-letter (6.1.193); indicatory u: distinguishes the affix; conditions i.t in some forms; tit (.t): feminine is formed with nip -i (4.1.15)	l = it ; ṭ = it ; yu → ana (P.7.1.1) ; → -ana	Apte-SH(affix_map.tsv)	and {#avasAna#} end. {#pari + ava + so-BAve lyuw .#}
23964	paryyasana	paryyasana					BAve	action / abstract (bhāve)	lyuṭ	lyuw	Action / result noun	kṛt affix 'lyuṭ' -> -ana; action / instrument noun | anubandha: lit: acute on the vowel just before the it-letter (6.1.193); indicatory u: distinguishes the affix; conditions i.t in some forms; tit (.t): feminine is formed with nip -i (4.1.15)	l = it ; ṭ = it ; yu → ana (P.7.1.1) ; → -ana	Apte-SH(affix_map.tsv)	ng. E. {#pari#}, and {#as#} to throw, {#BAve lyuw#} af
23972	paryyāpta	paryyApta					BAve	action / abstract (bhāve)	kta	kta	Participle	kṛt affix 'kta' -> -ta; past passive participle | anubandha: kit: blocks guna/vrddhi of the root vowel (1.1.5 kniti ca); tit: svarita accent on the affix (6.1.185)	k = it (P.1.3.8) ; → surface -ta	Apte-SH(affix_map.tsv)	ari#} before, {#Ap#} to acquire, aff. {#BAve kta .#}
23979	paryyālocana	paryyAlocana					BAve	action / abstract (bhāve)	lyuṭ	lyuw	Action / result noun	kṛt affix 'lyuṭ' -> -ana; action / instrument noun | anubandha: lit: acute on the vowel just before the it-letter (6.1.193); indicatory u: distinguishes the affix; conditions i.t in some forms; tit (.t): feminine is formed with nip -i (4.1.15)	l = it ; ṭ = it ; yu → ana (P.7.1.1) ; → -ana	Apte-SH(affix_map.tsv)	d {#AN#} before, {#loc#} to see, aff. {#BAve lyuw#}.
24051	palāyita	palAyita	aygatyarthatvāt	aygatyarTatvAt	local		kartari	agent (kartari)	kta	kta	Participle	kṛt affix 'kta' -> -ta; past passive participle | anubandha: kit: blocks guna/vrddhi of the root vowel (1.1.5 kniti ca); tit: svarita accent on the affix (6.1.185)	k = it (P.1.3.8) ; → surface -ta	Apte-SH(affix_map.tsv)	itac#} aff., or {#parA + aygatyarTatvAt-karttari kta rasy
24061	palita	palita					BAve	action / abstract (bhāve)	kta	kta	Participle	kṛt affix 'kta' -> -ta; past passive participle | anubandha: kit: blocks guna/vrddhi of the root vowel (1.1.5 kniti ca); tit: svarita accent on the affix (6.1.185)	k = it (P.1.3.8) ; → surface -ta	Apte-SH(affix_map.tsv)	#} to go, (towards death,) Unādi aff. {#BAve kta#}, o
24145	pastya	pastya	pas	pas	local		BAve	action / abstract (bhāve)	ktin	ktin	Action / result noun	kṛt affix 'ktin' -> -ti; action noun (fem. -ti) | anubandha: kit: blocks guna/vrddhi of the root vowel (1.1.5 kniti ca); tit: svarita accent on the affix (6.1.185)	k = it ; n = it ; → -ti	Apte-SH(affix_map.tsv)	tya#}¦ n. ({#styaM#}) A house, E. {#pas-BAve ktin, tat
24237	pāṭha	pAWa					BAve	action / abstract (bhāve)	ghañ	GaY	Action / result noun	kṛt affix 'ghañ' -> -a; action/result noun (bhāva, vṛddhi) | anubandha: git: treated as nit -> blocks guna/vrddhi (1.1.5); nit (n~): causes adi-vrddhi of the base (7.2.117) and svarita/ubhayapada	gh = it (initial) ; ñ = it (→ vṛddhi) ; → -a	Apte-SH(affix_map.tsv)	nly Akanādi. E. {#paW#} to read, aff. {#BAve GaY#}.
24239	pāṭhana	pAWana					BAve	action / abstract (bhāve)	lyuṭ	lyuw	Action / result noun	kṛt affix 'lyuṭ' -> -ana; action / instrument noun | anubandha: lit: acute on the vowel just before the it-letter (6.1.193); indicatory u: distinguishes the affix; conditions i.t in some forms; tit (.t): feminine is formed with nip -i (4.1.15)	l = it ; ṭ = it ; yu → ana (P.7.1.1) ; → -ana	Apte-SH(affix_map.tsv)	aching. E. {#paW#} to read, causal v. {#BAve lyuw#} af
24250	pāṇa	pARa					BAve	action / abstract (bhāve)	ghañ	GaY	Action / result noun	kṛt affix 'ghañ' -> -a; action/result noun (bhāva, vṛddhi) | anubandha: git: treated as nit -> blocks guna/vrddhi (1.1.5); nit (n~): causes adi-vrddhi of the base (7.2.117) and svarita/ubhayapada	gh = it (initial) ; ñ = it (→ vṛddhi) ; → -a	Apte-SH(affix_map.tsv)	hand. E. {#paR#} to be of price, &c. {#BAve GaY#} af
24509	pāyanā	pAyanA					BAve	action / abstract (bhāve)	yuc	yuc	Agent — the doer	kṛt affix 'yuc' -> -ana; agent / action noun (yu -> ana) | anubandha: c = cit -> final acute accent (6.1.163)		WIL	sharpening, (as a weapon). E. {#pA-Ric BAve yuc#}.
24871	pitṛyāṇa	pitfyARa	yā	yA	local		karaRe	instrument (karaṇe)	lyuṭ	lyuw	Action / result noun	kṛt affix 'lyuṭ' -> -ana; action / instrument noun | anubandha: lit: acute on the vowel just before the it-letter (6.1.193); indicatory u: distinguishes the affix; conditions i.t in some forms; tit (.t): feminine is formed with nip -i (4.1.15)	l = it ; ṭ = it ; yu → ana (P.7.1.1) ; → -ana	Apte-SH(affix_map.tsv)	na#} a vehicle. {#pitaro yAnti anena yA-karaRe lyuw saMj
25445	puṣka	puzka					BAve	action / abstract (bhāve)	ka	ka	Other	taddhita/kṛt affix 'ka' -> -ka; -ka | anubandha: kit: blocks guna/vrddhi of the root vowel (1.1.5 kniti ca)	→ -ka	Apte-SH(affix_map.tsv)	. ({#-zkaM#}) To cherish, E. {#puza-bA0 BAve ka kicc
25831	pṛṣṭi	pfzwi	pṛṣ	pfz	local		kartari	agent (kartari)	ktic	ktic	Other	uncurated affix 'ktic' | it-letters: kit: blocks guna/vrddhi of the root vowel (1.1.5 kniti ca); tit: svarita accent on the affix (6.1.185); cit: final acute accent, antodatta (6.1.163)		generic-decoder	ns “Inquiry” and when formed from {#pfz kartari ktic#} it
26664	pratiśayana	pratiSayana	śī	SI	local		BAve	action / abstract (bhāve)	lyuṭ	lyuw	Action / result noun	kṛt affix 'lyuṭ' -> -ana; action / instrument noun | anubandha: lit: acute on the vowel just before the it-letter (6.1.193); indicatory u: distinguishes the affix; conditions i.t in some forms; tit (.t): feminine is formed with nip -i (4.1.15)	l = it ; ṭ = it ; yu → ana (P.7.1.1) ; → -ana	Apte-SH(affix_map.tsv)	ttainment of an object. E. {#prati + SI-BAve lyuw .#}
26692	pratiṣṭambha	pratizwamBa	stambha	stamBa	local		BAve	action / abstract (bhāve)	ghañ	GaY	Action / result noun	kṛt affix 'ghañ' -> -a; action/result noun (bhāva, vṛddhi) | anubandha: git: treated as nit -> blocks guna/vrddhi (1.1.5); nit (n~): causes adi-vrddhi of the base (7.2.117) and svarita/ubhayapada	gh = it (initial) ; ñ = it (→ vṛddhi) ; → -a	Apte-SH(affix_map.tsv)	inder, aff. {#ac#}; or {#prati + stamBa-BAve GaY zatv
26701	pratisaṃkhyā	pratisaMKyA	khyā	KyA	local		BAve	action / abstract (bhāve)	aṅ	aN	Other	uncurated affix 'aṅ' | it-letters: nit: blocks guna/vrddhi of the root vowel (1.1.5 kniti ca)		generic-decoder	Consciousness. E. {#prati + sama + KyA-BAve aN .#}
26879	pratyāyana	pratyAyana	gamādeśaḥ	gamAdeSaH	local		BAve	action / abstract (bhāve)	lyuṭ	lyuw	Action / result noun	kṛt affix 'lyuṭ' -> -ana; action / instrument noun | anubandha: lit: acute on the vowel just before the it-letter (6.1.193); indicatory u: distinguishes the affix; conditions i.t in some forms; tit (.t): feminine is formed with nip -i (4.1.15)	l = it ; ṭ = it ; yu → ana (P.7.1.1) ; → -ana	Apte-SH(affix_map.tsv)	{#boDane” pAtaYjala ukteH na gamAdeSaH BAve lyuw . bo
27308	pralava	pralava	lū	lU	local		BAve	action / abstract (bhāve)	ap	ap	Agent — the doer	kṛt affix 'ap' -> -a; action / agent noun | anubandha: p = pit -> anudātta affix (3.1.4)		WIL	aH#}) A fragrant, a chip. E. {#pra + lU-BAve ap .#}
27846	prāti	prAti					BAve	action / abstract (bhāve)	ktin	ktin	Action / result noun	kṛt affix 'ktin' -> -ti; action noun (fem. -ti) | anubandha: kit: blocks guna/vrddhi of the root vowel (1.1.5 kniti ca); tit: svarita accent on the affix (6.1.185)	k = it ; n = it ; → -ti	Apte-SH(affix_map.tsv)	Filling 3. Gain- ing. E. {#pra#} and {#BAve ktin#} af
31380	māla	mAla	saṃjñāyāṃ	saMjYAyAM	local		kartari	agent (kartari)	ghañ	GaY	Action / result noun	kṛt affix 'ghañ' -> -a; action/result noun (bhāva, vṛddhi) | anubandha: git: treated as nit -> blocks guna/vrddhi (1.1.5); nit (n~): causes adi-vrddhi of the base (7.2.117) and svarita/ubhayapada	gh = it (initial) ; ñ = it (→ vṛddhi) ; → -a	Apte-SH(affix_map.tsv)	changed to {#la#}; or {#mala-saMjYAyAM karttari GaY .#}
42910	samūhanī	samUhanI	ūh	Uh	local		karaRe	instrument (karaṇe)	lyuṭ	lyuw	Action / result noun	kṛt affix 'lyuṭ' -> -ana; action / instrument noun | anubandha: lit: acute on the vowel just before the it-letter (6.1.193); indicatory u: distinguishes the affix; conditions i.t in some forms; tit (.t): feminine is formed with nip -i (4.1.15)	l = it ; ṭ = it ; yu → ana (P.7.1.1) ; → -ana	Apte-SH(affix_map.tsv)	fs. {#qu#} and {#NIz#}; or {#sama + Uh--karaRe lyuw NIp
43745	sāmidhenī	sAmiDenI	indha	inDa	local		karaRe	instrument (karaṇe)	lyuṭ	lyuw	Action / result noun	kṛt affix 'lyuṭ' -> -ana; action / instrument noun | anubandha: lit: acute on the vowel just before the it-letter (6.1.193); indicatory u: distinguishes the affix; conditions i.t in some forms; tit (.t): feminine is formed with nip -i (4.1.15)	l = it ; ṭ = it ; yu → ana (P.7.1.1) ; → -ana	Apte-SH(affix_map.tsv)	Fuel. 3. A kind of deer. E. {#sam-inDa-karaRe lyuw ni0
